date,home_team,away_team,actual,predicted,correct,tier,consensus,h_prob,d_prob,a_prob,train_season,test_season
2023-08-11,Burnley,Man City,away_win,away_win,True,SKIP,2,0.3334,0.228,0.4386,2022/23,2023/24
2023-08-12,Sheffield United,Crystal Palace,away_win,home_win,False,HOLD,3,0.4431,0.228,0.3289,2022/23,2023/24
2023-08-12,Arsenal,Nott'm Forest,home_win,home_win,True,SNIPER,3,0.7424,0.1432,0.1144,2022/23,2023/24
2023-08-12,Bournemouth,West Ham,draw,away_win,False,SKIP,2,0.3134,0.3182,0.3684,2022/23,2023/24
2023-08-12,Brighton,Luton,home_win,home_win,True,HOLD,3,0.4504,0.228,0.3216,2022/23,2023/24
2023-08-12,Everton,Fulham,away_win,away_win,True,SKIP,2,0.3181,0.2554,0.4265,2022/23,2023/24
2023-08-12,Newcastle,Aston Villa,home_win,home_win,True,HOLD,3,0.5223,0.2207,0.257,2022/23,2023/24
2023-08-13,Chelsea,Liverpool,draw,away_win,False,SNIPER,3,0.2515,0.2158,0.5328,2022/23,2023/24
2023-08-13,Brentford,Tottenham,draw,home_win,False,HOLD,3,0.5225,0.1986,0.279,2022/23,2023/24
2023-08-14,Man United,Wolves,home_win,home_win,True,SNIPER,3,0.6363,0.2055,0.1582,2022/23,2023/24
2023-08-18,Nott'm Forest,Sheffield United,home_win,draw,False,SKIP,1,0.339,0.345,0.316,2022/23,2023/24
2023-08-19,Fulham,Brentford,away_win,away_win,True,HOLD,3,0.3073,0.3267,0.366,2022/23,2023/24
2023-08-19,Liverpool,Bournemouth,home_win,home_win,True,SNIPER,3,0.7191,0.1562,0.1248,2022/23,2023/24
2023-08-19,Wolves,Brighton,away_win,away_win,True,HOLD,3,0.2522,0.2266,0.5213,2022/23,2023/24
2023-08-19,Tottenham,Man United,home_win,away_win,False,HOLD,3,0.3121,0.2925,0.3954,2022/23,2023/24
2023-08-19,Man City,Newcastle,home_win,home_win,True,HOLD,3,0.5336,0.2152,0.2512,2022/23,2023/24
2023-08-20,Aston Villa,Everton,home_win,home_win,True,HOLD,3,0.5904,0.2188,0.1909,2022/23,2023/24
2023-08-20,West Ham,Chelsea,home_win,home_win,True,HOLD,3,0.4282,0.2452,0.3266,2022/23,2023/24
2023-08-21,Crystal Palace,Arsenal,away_win,away_win,True,SNIPER,3,0.2402,0.2003,0.5596,2022/23,2023/24
2023-08-25,Chelsea,Luton,home_win,draw,False,SKIP,1,0.3323,0.3501,0.3176,2022/23,2023/24
2023-08-26,Bournemouth,Tottenham,away_win,away_win,True,HOLD,3,0.2742,0.2193,0.5064,2022/23,2023/24
2023-08-26,Arsenal,Fulham,draw,home_win,False,SNIPER,3,0.6387,0.1787,0.1826,2022/23,2023/24
2023-08-26,Brentford,Crystal Palace,draw,home_win,False,SNIPER,3,0.5387,0.2283,0.233,2022/23,2023/24
2023-08-26,Everton,Wolves,away_win,home_win,False,HOLD,3,0.4257,0.2531,0.3212,2022/23,2023/24
2023-08-26,Man United,Nott'm Forest,home_win,home_win,True,SNIPER,3,0.6502,0.1907,0.1591,2022/23,2023/24
2023-08-26,Brighton,West Ham,away_win,home_win,False,SNIPER,3,0.5933,0.1901,0.2167,2022/23,2023/24
2023-08-27,Newcastle,Liverpool,away_win,home_win,False,HOLD,3,0.4864,0.211,0.3026,2022/23,2023/24
2023-08-27,Burnley,Aston Villa,away_win,draw,False,SKIP,1,0.3326,0.341,0.3265,2022/23,2023/24
2023-08-27,Sheffield United,Man City,away_win,away_win,True,SKIP,2,0.3334,0.228,0.4386,2022/23,2023/24
2023-09-01,Luton,West Ham,away_win,home_win,False,HOLD,3,0.4562,0.228,0.3158,2022/23,2023/24
2023-09-02,Sheffield United,Everton,draw,home_win,False,HOLD,3,0.4581,0.228,0.3139,2022/23,2023/24
2023-09-02,Brentford,Bournemouth,draw,home_win,False,SNIPER,3,0.6547,0.1869,0.1584,2022/23,2023/24
2023-09-02,Burnley,Tottenham,away_win,home_win,False,HOLD,3,0.3866,0.2993,0.3142,2022/23,2023/24
2023-09-02,Chelsea,Nott'm Forest,away_win,home_win,False,HOLD,3,0.4597,0.2395,0.3008,2022/23,2023/24
2023-09-02,Man City,Fulham,home_win,home_win,True,SNIPER,3,0.7069,0.1659,0.1272,2022/23,2023/24
2023-09-02,Brighton,Newcastle,home_win,away_win,False,SKIP,2,0.292,0.3285,0.3795,2022/23,2023/24
2023-09-03,Crystal Palace,Wolves,home_win,home_win,True,HOLD,3,0.4872,0.2453,0.2676,2022/23,2023/24
2023-09-03,Liverpool,Aston Villa,home_win,home_win,True,HOLD,3,0.5023,0.2088,0.2889,2022/23,2023/24
2023-09-03,Arsenal,Man United,home_win,home_win,True,HOLD,3,0.519,0.1998,0.2811,2022/23,2023/24
2023-09-16,Tottenham,Sheffield United,home_win,home_win,True,HOLD,3,0.3933,0.298,0.3087,2022/23,2023/24
2023-09-16,West Ham,Man City,away_win,away_win,True,SNIPER,3,0.1588,0.1758,0.6654,2022/23,2023/24
2023-09-16,Man United,Brighton,away_win,home_win,False,HOLD,3,0.4846,0.2097,0.3057,2022/23,2023/24
2023-09-16,Newcastle,Brentford,home_win,home_win,True,HOLD,3,0.516,0.2209,0.2631,2022/23,2023/24
2023-09-16,Aston Villa,Crystal Palace,home_win,home_win,True,SNIPER,3,0.5239,0.2365,0.2396,2022/23,2023/24
2023-09-16,Wolves,Liverpool,away_win,away_win,True,HOLD,3,0.2209,0.1938,0.5853,2022/23,2023/24
2023-09-16,Fulham,Luton,home_win,home_win,True,HOLD,3,0.3738,0.311,0.3152,2022/23,2023/24
2023-09-17,Everton,Arsenal,away_win,away_win,True,SNIPER,3,0.192,0.1795,0.6285,2022/23,2023/24
2023-09-17,Bournemouth,Chelsea,draw,away_win,False,SKIP,2,0.3194,0.3242,0.3564,2022/23,2023/24
2023-09-18,Nott'm Forest,Burnley,draw,draw,True,SKIP,1,0.339,0.345,0.316,2022/23,2023/24
2023-09-23,Crystal Palace,Fulham,draw,home_win,False,SKIP,2,0.3563,0.306,0.3377,2022/23,2023/24
2023-09-23,Luton,Wolves,draw,home_win,False,HOLD,3,0.4548,0.228,0.3172,2022/23,2023/24
2023-09-23,Man City,Nott'm Forest,home_win,home_win,True,SNIPER,3,0.7903,0.1301,0.0796,2022/23,2023/24
2023-09-23,Brentford,Everton,away_win,home_win,False,HOLD,3,0.6068,0.2086,0.1846,2022/23,2023/24
2023-09-23,Burnley,Man United,away_win,away_win,True,SKIP,2,0.3316,0.3096,0.3588,2022/23,2023/24
2023-09-24,Arsenal,Tottenham,draw,home_win,False,SNIPER,3,0.6507,0.1633,0.1861,2022/23,2023/24
2023-09-24,Brighton,Bournemouth,home_win,home_win,True,SNIPER,3,0.6793,0.1635,0.1572,2022/23,2023/24
2023-09-24,Chelsea,Aston Villa,away_win,away_win,True,HOLD,3,0.2899,0.2473,0.4629,2022/23,2023/24
2023-09-24,Liverpool,West Ham,home_win,home_win,True,SNIPER,3,0.6396,0.1846,0.1759,2022/23,2023/24
2023-09-24,Sheffield United,Newcastle,away_win,away_win,True,SKIP,2,0.3322,0.3197,0.3481,2022/23,2023/24
2023-09-30,Tottenham,Liverpool,home_win,away_win,False,HOLD,3,0.3222,0.2231,0.4548,2022/23,2023/24
2023-09-30,West Ham,Sheffield United,home_win,draw,False,SKIP,1,0.3413,0.3427,0.3161,2022/23,2023/24
2023-09-30,Newcastle,Burnley,home_win,home_win,True,SNIPER,3,0.4771,0.228,0.2949,2022/23,2023/24
2023-09-30,Wolves,Man City,home_win,away_win,False,HOLD,3,0.1391,0.1644,0.6964,2022/23,2023/24
2023-09-30,Everton,Luton,away_win,draw,False,SKIP,1,0.3378,0.3462,0.316,2022/23,2023/24
2023-09-30,Bournemouth,Arsenal,away_win,away_win,True,SNIPER,3,0.1652,0.1613,0.6735,2022/23,2023/24
2023-09-30,Aston Villa,Brighton,home_win,home_win,True,SKIP,2,0.4031,0.2827,0.3141,2022/23,2023/24
2023-09-30,Man United,Crystal Palace,away_win,home_win,False,SNIPER,3,0.562,0.2282,0.2098,2022/23,2023/24
2023-10-01,Nott'm Forest,Brentford,draw,away_win,False,HOLD,3,0.2598,0.2092,0.5309,2022/23,2023/24
2023-10-02,Fulham,Chelsea,away_win,home_win,False,HOLD,3,0.4929,0.232,0.2751,2022/23,2023/24
2023-10-03,Luton,Burnley,away_win,home_win,False,HOLD,3,0.3903,0.298,0.3117,2022/23,2023/24
2023-10-07,Crystal Palace,Nott'm Forest,draw,home_win,False,HOLD,3,0.4969,0.2278,0.2753,2022/23,2023/24
2023-10-07,Man United,Brentford,home_win,home_win,True,HOLD,3,0.4614,0.2287,0.3099,2022/23,2023/24
2023-10-07,Fulham,Sheffield United,home_win,home_win,True,HOLD,3,0.3738,0.311,0.3152,2022/23,2023/24
2023-10-07,Burnley,Chelsea,away_win,home_win,False,HOLD,3,0.4621,0.228,0.3099,2022/23,2023/24
2023-10-07,Luton,Tottenham,away_win,home_win,False,HOLD,3,0.3866,0.2993,0.3142,2022/23,2023/24
2023-10-07,Everton,Bournemouth,home_win,home_win,True,HOLD,3,0.4619,0.2337,0.3044,2022/23,2023/24
2023-10-08,Brighton,Liverpool,draw,away_win,False,SKIP,2,0.3398,0.3124,0.3478,2022/23,2023/24
2023-10-08,West Ham,Newcastle,draw,away_win,False,SNIPER,3,0.2296,0.2095,0.5609,2022/23,2023/24
2023-10-08,Wolves,Aston Villa,draw,away_win,False,HOLD,3,0.2589,0.231,0.5101,2022/23,2023/24
2023-10-08,Arsenal,Man City,home_win,away_win,False,SKIP,2,0.2986,0.3214,0.38,2022/23,2023/24
2023-10-21,Nott'm Forest,Luton,draw,draw,True,SKIP,1,0.339,0.345,0.316,2022/23,2023/24
2023-10-21,Sheffield United,Man United,away_win,away_win,True,SKIP,2,0.3316,0.3096,0.3588,2022/23,2023/24
2023-10-21,Chelsea,Arsenal,draw,away_win,False,SNIPER,3,0.2146,0.2013,0.584,2022/23,2023/24
2023-10-21,Newcastle,Crystal Palace,home_win,home_win,True,SNIPER,3,0.6143,0.2107,0.175,2022/23,2023/24
2023-10-21,Brentford,Burnley,home_win,home_win,True,HOLD,3,0.4619,0.228,0.3101,2022/23,2023/24
2023-10-21,Bournemouth,Wolves,away_win,home_win,False,HOLD,3,0.3508,0.3366,0.3126,2022/23,2023/24
2023-10-21,Liverpool,Everton,home_win,home_win,True,HOLD,3,0.6727,0.1767,0.1505,2022/23,2023/24
2023-10-21,Man City,Brighton,home_win,home_win,True,SNIPER,3,0.6625,0.1695,0.168,2022/23,2023/24
2023-10-22,Aston Villa,West Ham,home_win,home_win,True,SNIPER,3,0.5577,0.2205,0.2218,2022/23,2023/24
2023-10-23,Tottenham,Fulham,home_win,home_win,True,HOLD,3,0.4744,0.1985,0.3271,2022/23,2023/24
2023-10-27,Crystal Palace,Tottenham,away_win,away_win,True,SKIP,2,0.3381,0.309,0.3529,2022/23,2023/24
2023-10-28,Bournemouth,Burnley,home_win,away_win,False,SKIP,2,0.3326,0.3325,0.3349,2022/23,2023/24
2023-10-28,Chelsea,Brentford,away_win,away_win,True,HOLD,3,0.2851,0.2405,0.4744,2022/23,2023/24
2023-10-28,Arsenal,Sheffield United,home_win,home_win,True,SNIPER,3,0.4871,0.228,0.2849,2022/23,2023/24
2023-10-28,Wolves,Newcastle,draw,away_win,False,HOLD,3,0.2019,0.2025,0.5956,2022/23,2023/24
2023-10-29,Liverpool,Nott'm Forest,home_win,home_win,True,SNIPER,3,0.6944,0.1619,0.1436,2022/23,2023/24
2023-10-29,Brighton,Fulham,draw,home_win,False,HOLD,3,0.5313,0.1974,0.2713,2022/23,2023/24
2023-10-29,Man United,Man City,away_win,away_win,True,HOLD,3,0.2726,0.2542,0.4731,2022/23,2023/24
2023-10-29,West Ham,Everton,away_win,home_win,False,HOLD,3,0.4695,0.2322,0.2984,2022/23,2023/24
2023-10-29,Aston Villa,Luton,home_win,home_win,True,HOLD,3,0.4667,0.228,0.3053,2022/23,2023/24
2023-11-04,Newcastle,Arsenal,home_win,home_win,True,HOLD,3,0.39,0.2993,0.3108,2022/23,2023/24
2023-11-04,Sheffield United,Wolves,home_win,home_win,True,HOLD,3,0.4548,0.228,0.3172,2022/23,2023/24
2023-11-04,Man City,Bournemouth,home_win,home_win,True,SNIPER,3,0.8067,0.1252,0.0681,2022/23,2023/24
2023-11-04,Fulham,Man United,away_win,away_win,True,HOLD,3,0.3253,0.2226,0.4521,2022/23,2023/24
2023-11-04,Burnley,Crystal Palace,away_win,home_win,False,HOLD,3,0.4431,0.228,0.3289,2022/23,2023/24
2023-11-04,Brentford,West Ham,home_win,home_win,True,SNIPER,3,0.5741,0.2121,0.2138,2022/23,2023/24
2023-11-04,Everton,Brighton,draw,away_win,False,HOLD,3,0.2623,0.2223,0.5154,2022/23,2023/24
2023-11-05,Nott'm Forest,Aston Villa,home_win,away_win,False,HOLD,3,0.2659,0.2163,0.5179,2022/23,2023/24
2023-11-05,Luton,Liverpool,draw,away_win,False,SKIP,2,0.3324,0.3239,0.3438,2022/23,2023/24
2023-11-06,Tottenham,Chelsea,away_win,home_win,False,HOLD,3,0.5311,0.2085,0.2604,2022/23,2023/24
2023-11-11,Man United,Luton,home_win,home_win,True,SNIPER,3,0.4818,0.228,0.2902,2022/23,2023/24
2023-11-11,Wolves,Tottenham,home_win,away_win,False,SKIP,2,0.2868,0.2506,0.4626,2022/23,2023/24
2023-11-11,Arsenal,Burnley,home_win,home_win,True,SNIPER,3,0.4871,0.228,0.2849,2022/23,2023/24
2023-11-11,Crystal Palace,Everton,away_win,home_win,False,HOLD,3,0.48,0.2445,0.2755,2022/23,2023/24
2023-11-11,Bournemouth,Newcastle,home_win,away_win,False,SNIPER,3,0.1802,0.1837,0.6361,2022/23,2023/24
2023-11-12,Chelsea,Man City,draw,away_win,False,SNIPER,3,0.1568,0.1927,0.6505,2022/23,2023/24
2023-11-12,West Ham,Nott'm Forest,home_win,home_win,True,HOLD,3,0.4854,0.2174,0.2972,2022/23,2023/24
2023-11-12,Liverpool,Brentford,home_win,home_win,True,HOLD,3,0.4933,0.2088,0.298,2022/23,2023/24
2023-11-12,Brighton,Sheffield United,draw,home_win,False,HOLD,3,0.4504,0.228,0.3216,2022/23,2023/24
2023-11-12,Aston Villa,Fulham,home_win,home_win,True,SNIPER,3,0.5038,0.2225,0.2737,2022/23,2023/24
2023-11-25,Man City,Liverpool,draw,home_win,False,HOLD,3,0.6033,0.184,0.2127,2022/23,2023/24
2023-11-25,Burnley,West Ham,away_win,home_win,False,HOLD,3,0.4562,0.228,0.3158,2022/23,2023/24
2023-11-25,Luton,Crystal Palace,home_win,home_win,True,HOLD,3,0.4431,0.228,0.3289,2022/23,2023/24
2023-11-25,Newcastle,Chelsea,home_win,home_win,True,SNIPER,3,0.6316,0.2127,0.1556,2022/23,2023/24
2023-11-25,Nott'm Forest,Brighton,away_win,away_win,True,HOLD,3,0.2586,0.2115,0.5299,2022/23,2023/24
2023-11-25,Sheffield United,Bournemouth,away_win,home_win,False,SNIPER,3,0.4709,0.228,0.3011,2022/23,2023/24
2023-11-25,Brentford,Arsenal,away_win,away_win,True,SKIP,2,0.2951,0.3254,0.3795,2022/23,2023/24
2023-11-26,Everton,Man United,away_win,away_win,True,HOLD,3,0.2344,0.2227,0.5429,2022/23,2023/24
2023-11-26,Tottenham,Aston Villa,away_win,away_win,True,HOLD,3,0.3338,0.3259,0.3403,2022/23,2023/24
2023-11-27,Fulham,Wolves,home_win,home_win,True,HOLD,3,0.548,0.2121,0.2399,2022/23,2023/24
2023-12-02,Arsenal,Wolves,home_win,home_win,True,SNIPER,3,0.7286,0.1535,0.1178,2022/23,2023/24
2023-12-02,Brentford,Luton,home_win,home_win,True,HOLD,3,0.4619,0.228,0.3101,2022/23,2023/24
2023-12-02,Burnley,Sheffield United,home_win,home_win,True,HOLD,3,0.3903,0.298,0.3117,2022/23,2023/24
2023-12-02,Nott'm Forest,Everton,away_win,home_win,False,HOLD,3,0.3879,0.3038,0.3083,2022/23,2023/24
2023-12-02,Newcastle,Man United,home_win,home_win,True,HOLD,3,0.4817,0.2296,0.2887,2022/23,2023/24
2023-12-03,Man City,Tottenham,draw,home_win,False,SNIPER,3,0.7246,0.1478,0.1276,2022/23,2023/24
2023-12-03,West Ham,Crystal Palace,draw,home_win,False,HOLD,3,0.3541,0.3303,0.3155,2022/23,2023/24
2023-12-03,Bournemouth,Aston Villa,draw,away_win,False,HOLD,3,0.2388,0.2134,0.5478,2022/23,2023/24
2023-12-03,Chelsea,Brighton,home_win,away_win,False,HOLD,3,0.2943,0.2311,0.4746,2022/23,2023/24
2023-12-03,Liverpool,Fulham,home_win,home_win,True,SNIPER,3,0.5827,0.194,0.2233,2022/23,2023/24
2023-12-05,Wolves,Burnley,home_win,home_win,True,HOLD,3,0.3441,0.3398,0.3161,2022/23,2023/24
2023-12-05,Luton,Arsenal,away_win,away_win,True,SKIP,2,0.3305,0.298,0.3715,2022/23,2023/24
2023-12-06,Brighton,Brentford,home_win,home_win,True,HOLD,3,0.3903,0.2961,0.3136,2022/23,2023/24
2023-12-06,Crystal Palace,Bournemouth,away_win,home_win,False,HOLD,3,0.5263,0.2258,0.2479,2022/23,2023/24
2023-12-06,Fulham,Nott'm Forest,home_win,home_win,True,HOLD,3,0.5587,0.1986,0.2427,2022/23,2023/24
2023-12-06,Sheffield United,Liverpool,away_win,away_win,True,SKIP,2,0.3324,0.3239,0.3438,2022/23,2023/24
2023-12-06,Aston Villa,Man City,home_win,away_win,False,HOLD,3,0.2546,0.2186,0.5268,2022/23,2023/24
2023-12-06,Man United,Chelsea,home_win,home_win,True,SNIPER,3,0.5803,0.231,0.1887,2022/23,2023/24
2023-12-07,Everton,Newcastle,home_win,away_win,False,SNIPER,3,0.2052,0.2048,0.5899,2022/23,2023/24
2023-12-07,Tottenham,West Ham,away_win,home_win,False,HOLD,3,0.5409,0.195,0.2641,2022/23,2023/24
2023-12-09,Wolves,Nott'm Forest,draw,home_win,False,HOLD,3,0.3803,0.3075,0.3121,2022/23,2023/24
2023-12-09,Aston Villa,Arsenal,home_win,away_win,False,SKIP,2,0.3201,0.2463,0.4336,2022/23,2023/24
2023-12-09,Sheffield United,Brentford,home_win,draw,False,SKIP,1,0.3323,0.3504,0.3173,2022/23,2023/24
2023-12-09,Man United,Bournemouth,away_win,home_win,False,SNIPER,3,0.6748,0.1856,0.1396,2022/23,2023/24
2023-12-09,Brighton,Burnley,draw,home_win,False,HOLD,3,0.4504,0.228,0.3216,2022/23,2023/24
2023-12-09,Crystal Palace,Liverpool,away_win,away_win,True,HOLD,3,0.2789,0.2149,0.5062,2022/23,2023/24
2023-12-10,Everton,Chelsea,home_win,home_win,True,SKIP,2,0.3487,0.3267,0.3246,2022/23,2023/24
2023-12-10,Fulham,West Ham,home_win,home_win,True,HOLD,3,0.5028,0.2149,0.2823,2022/23,2023/24
2023-12-10,Luton,Man City,away_win,away_win,True,SKIP,2,0.3334,0.228,0.4386,2022/23,2023/24
2023-12-10,Tottenham,Newcastle,home_win,away_win,False,HOLD,3,0.2825,0.2251,0.4924,2022/23,2023/24
2023-12-15,Nott'm Forest,Tottenham,away_win,away_win,True,SKIP,2,0.2921,0.2465,0.4614,2022/23,2023/24
2023-12-16,Chelsea,Sheffield United,home_win,draw,False,SKIP,1,0.3323,0.3501,0.3176,2022/23,2023/24
2023-12-16,Man City,Crystal Palace,draw,home_win,False,SNIPER,3,0.715,0.1704,0.1146,2022/23,2023/24
2023-12-16,Newcastle,Fulham,home_win,home_win,True,SNIPER,3,0.6022,0.2017,0.1961,2022/23,2023/24
2023-12-16,Burnley,Everton,away_win,home_win,False,HOLD,3,0.4581,0.228,0.3139,2022/23,2023/24
2023-12-17,Arsenal,Brighton,home_win,home_win,True,SNIPER,3,0.5797,0.1816,0.2388,2022/23,2023/24
2023-12-17,Brentford,Aston Villa,away_win,home_win,False,HOLD,3,0.4377,0.2352,0.3272,2022/23,2023/24
2023-12-17,West Ham,Wolves,home_win,home_win,True,HOLD,3,0.4777,0.2326,0.2896,2022/23,2023/24
2023-12-17,Liverpool,Man United,draw,home_win,False,HOLD,3,0.4563,0.2207,0.323,2022/23,2023/24
2023-12-21,Crystal Palace,Brighton,draw,away_win,False,HOLD,3,0.3061,0.2645,0.4294,2022/23,2023/24
2023-12-22,Aston Villa,Sheffield United,draw,home_win,False,HOLD,3,0.4667,0.228,0.3053,2022/23,2023/24
2023-12-23,West Ham,Man United,home_win,away_win,False,HOLD,3,0.2677,0.223,0.5094,2022/23,2023/24
2023-12-23,Fulham,Burnley,away_win,home_win,False,HOLD,3,0.3738,0.311,0.3152,2022/23,2023/24
2023-12-23,Luton,Newcastle,home_win,away_win,False,SKIP,2,0.3322,0.3197,0.3481,2022/23,2023/24
2023-12-23,Nott'm Forest,Bournemouth,away_win,home_win,False,HOLD,3,0.4702,0.2206,0.3092,2022/23,2023/24
2023-12-23,Tottenham,Everton,home_win,home_win,True,HOLD,3,0.583,0.19,0.227,2022/23,2023/24
2023-12-23,Liverpool,Arsenal,draw,home_win,False,SKIP,2,0.356,0.2899,0.3541,2022/23,2023/24
2023-12-24,Wolves,Chelsea,home_win,home_win,True,SKIP,2,0.3399,0.3295,0.3306,2022/23,2023/24
2023-12-26,Man United,Aston Villa,home_win,home_win,True,HOLD,3,0.4687,0.2308,0.3005,2022/23,2023/24
2023-12-26,Burnley,Liverpool,away_win,away_win,True,SKIP,2,0.3324,0.3239,0.3438,2022/23,2023/24
2023-12-26,Bournemouth,Fulham,home_win,away_win,False,HOLD,3,0.279,0.2613,0.4597,2022/23,2023/24
2023-12-26,Newcastle,Nott'm Forest,away_win,home_win,False,SNIPER,3,0.7019,0.1671,0.131,2022/23,2023/24
2023-12-26,Sheffield United,Luton,away_win,home_win,False,HOLD,3,0.3903,0.298,0.3117,2022/23,2023/24
2023-12-27,Brentford,Wolves,away_win,home_win,False,SNIPER,3,0.6146,0.2065,0.1789,2022/23,2023/24
2023-12-27,Chelsea,Crystal Palace,home_win,draw,False,SKIP,1,0.3307,0.3615,0.3078,2022/23,2023/24
2023-12-27,Everton,Man City,away_win,away_win,True,SNIPER,3,0.141,0.1677,0.6913,2022/23,2023/24
2023-12-28,Brighton,Tottenham,home_win,home_win,True,HOLD,3,0.5336,0.1834,0.283,2022/23,2023/24
2023-12-28,Arsenal,West Ham,away_win,home_win,False,SNIPER,3,0.692,0.1664,0.1416,2022/23,2023/24
2023-12-30,Wolves,Everton,home_win,home_win,True,SKIP,2,0.3694,0.323,0.3076,2022/23,2023/24
2023-12-30,Nott'm Forest,Man United,home_win,away_win,False,HOLD,3,0.233,0.2077,0.5593,2022/23,2023/24
2023-12-30,Man City,Sheffield United,home_win,home_win,True,SNIPER,3,0.5091,0.228,0.2629,2022/23,2023/24
2023-12-30,Aston Villa,Burnley,home_win,home_win,True,HOLD,3,0.4667,0.228,0.3053,2022/23,2023/24
2023-12-30,Crystal Palace,Brentford,home_win,away_win,False,HOLD,3,0.3019,0.2646,0.4335,2022/23,2023/24
2023-12-30,Luton,Chelsea,away_win,home_win,False,HOLD,3,0.4621,0.228,0.3099,2022/23,2023/24
2023-12-31,Fulham,Arsenal,home_win,away_win,False,HOLD,3,0.2707,0.1951,0.5342,2022/23,2023/24
2023-12-31,Tottenham,Bournemouth,home_win,home_win,True,SNIPER,3,0.6337,0.1724,0.1939,2022/23,2023/24
2024-01-01,Liverpool,Newcastle,home_win,home_win,True,SKIP,2,0.364,0.2869,0.3491,2022/23,2023/24
2024-01-02,West Ham,Brighton,draw,away_win,False,HOLD,3,0.2976,0.2287,0.4737,2022/23,2023/24
2024-01-12,Burnley,Luton,draw,home_win,False,HOLD,3,0.3903,0.298,0.3117,2022/23,2023/24
2024-01-13,Chelsea,Fulham,home_win,draw,False,SKIP,1,0.309,0.3459,0.3451,2022/23,2023/24
2024-01-13,Newcastle,Man City,away_win,away_win,True,HOLD,3,0.2927,0.3288,0.3785,2022/23,2023/24
2024-01-14,Everton,Aston Villa,draw,away_win,False,HOLD,3,0.266,0.2313,0.5027,2022/23,2023/24
2024-01-14,Man United,Tottenham,draw,home_win,False,SNIPER,3,0.5495,0.1981,0.2524,2022/23,2023/24
2024-01-20,Arsenal,Crystal Palace,home_win,home_win,True,SNIPER,3,0.6558,0.1822,0.162,2022/23,2023/24
2024-01-20,Brentford,Nott'm Forest,home_win,home_win,True,SNIPER,3,0.6284,0.1919,0.1797,2022/23,2023/24
2024-01-21,Sheffield United,West Ham,draw,home_win,False,HOLD,3,0.4562,0.228,0.3158,2022/23,2023/24
2024-01-21,Bournemouth,Liverpool,away_win,away_win,True,SNIPER,3,0.1979,0.1785,0.6236,2022/23,2023/24
2024-01-22,Brighton,Wolves,draw,home_win,False,SNIPER,3,0.6392,0.1799,0.1809,2022/23,2023/24
2024-01-30,Nott'm Forest,Arsenal,away_win,away_win,True,SNIPER,3,0.1873,0.1668,0.6459,2022/23,2023/24
2024-01-30,Fulham,Everton,draw,home_win,False,HOLD,3,0.5394,0.2135,0.247,2022/23,2023/24
2024-01-30,Luton,Brighton,home_win,home_win,True,HOLD,3,0.3522,0.3317,0.3161,2022/23,2023/24
2024-01-30,Crystal Palace,Sheffield United,home_win,home_win,True,HOLD,3,0.3661,0.3183,0.3156,2022/23,2023/24
2024-01-30,Aston Villa,Newcastle,away_win,away_win,True,SKIP,2,0.303,0.3178,0.3792,2022/23,2023/24
2024-01-31,Man City,Burnley,home_win,home_win,True,SNIPER,3,0.5091,0.228,0.2629,2022/23,2023/24
2024-01-31,Tottenham,Brentford,home_win,away_win,False,SKIP,2,0.3235,0.3243,0.3522,2022/23,2023/24
2024-01-31,Liverpool,Chelsea,home_win,home_win,True,SNIPER,3,0.6226,0.2013,0.1761,2022/23,2023/24
2024-02-01,West Ham,Bournemouth,draw,home_win,False,HOLD,3,0.5166,0.2153,0.2681,2022/23,2023/24
2024-02-01,Wolves,Man United,away_win,away_win,True,HOLD,3,0.2281,0.2216,0.5503,2022/23,2023/24
2024-02-03,Everton,Tottenham,draw,away_win,False,SKIP,2,0.2937,0.2581,0.4482,2022/23,2023/24
2024-02-03,Brighton,Crystal Palace,home_win,home_win,True,HOLD,3,0.5564,0.2041,0.2396,2022/23,2023/24
2024-02-03,Burnley,Fulham,draw,home_win,False,HOLD,3,0.4391,0.228,0.3329,2022/23,2023/24
2024-02-03,Newcastle,Luton,draw,home_win,False,SNIPER,3,0.4771,0.228,0.2949,2022/23,2023/24
2024-02-03,Sheffield United,Aston Villa,away_win,draw,False,SKIP,1,0.3326,0.341,0.3265,2022/23,2023/24
2024-02-04,Man United,West Ham,home_win,home_win,True,SNIPER,3,0.5965,0.2115,0.192,2022/23,2023/24
2024-02-04,Arsenal,Liverpool,home_win,home_win,True,HOLD,3,0.5148,0.1919,0.2933,2022/23,2023/24
2024-02-04,Bournemouth,Nott'm Forest,draw,home_win,False,SKIP,2,0.356,0.3151,0.3289,2022/23,2023/24
2024-02-04,Chelsea,Wolves,away_win,home_win,False,HOLD,3,0.4473,0.2632,0.2895,2022/23,2023/24
2024-02-05,Brentford,Man City,away_win,away_win,True,HOLD,3,0.2642,0.2105,0.5253,2022/23,2023/24
2024-02-10,Man City,Everton,home_win,home_win,True,HOLD,3,0.7706,0.1445,0.0849,2022/23,2023/24
2024-02-10,Fulham,Bournemouth,home_win,home_win,True,HOLD,3,0.5893,0.1944,0.2164,2022/23,2023/24
2024-02-10,Liverpool,Burnley,home_win,home_win,True,SNIPER,3,0.4751,0.228,0.2969,2022/23,2023/24
2024-02-10,Luton,Sheffield United,away_win,home_win,False,HOLD,3,0.3903,0.298,0.3117,2022/23,2023/24
2024-02-10,Tottenham,Brighton,home_win,away_win,False,SKIP,2,0.349,0.2893,0.3617,2022/23,2023/24
2024-02-10,Wolves,Brentford,away_win,away_win,True,HOLD,3,0.2524,0.2282,0.5194,2022/23,2023/24
2024-02-10,Nott'm Forest,Newcastle,away_win,away_win,True,SNIPER,3,0.2023,0.1886,0.609,2022/23,2023/24
2024-02-11,West Ham,Arsenal,away_win,away_win,True,SNIPER,3,0.2186,0.1869,0.5945,2022/23,2023/24
2024-02-11,Aston Villa,Man United,away_win,home_win,False,SKIP,2,0.3408,0.3306,0.3286,2022/23,2023/24
2024-02-12,Crystal Palace,Chelsea,away_win,home_win,False,HOLD,3,0.4404,0.2593,0.3003,2022/23,2023/24
2024-02-17,Man City,Chelsea,draw,home_win,False,SNIPER,3,0.7278,0.1713,0.1008,2022/23,2023/24
2024-02-17,Tottenham,Wolves,away_win,home_win,False,HOLD,3,0.5934,0.1873,0.2193,2022/23,2023/24
2024-02-17,Newcastle,Bournemouth,draw,home_win,False,SNIPER,3,0.7243,0.1615,0.1142,2022/23,2023/24
2024-02-17,Nott'm Forest,West Ham,home_win,home_win,True,SKIP,2,0.3552,0.2938,0.351,2022/23,2023/24
2024-02-17,Burnley,Arsenal,away_win,away_win,True,SKIP,2,0.3305,0.298,0.3715,2022/23,2023/24
2024-02-17,Brentford,Liverpool,away_win,home_win,False,SKIP,2,0.3498,0.3056,0.3445,2022/23,2023/24
2024-02-17,Fulham,Aston Villa,away_win,away_win,True,HOLD,3,0.3188,0.321,0.3602,2022/23,2023/24
2024-02-18,Sheffield United,Brighton,away_win,home_win,False,HOLD,3,0.3522,0.3317,0.3161,2022/23,2023/24
2024-02-18,Luton,Man United,away_win,away_win,True,SKIP,2,0.3316,0.3096,0.3588,2022/23,2023/24
2024-02-19,Everton,Crystal Palace,draw,draw,True,SKIP,1,0.313,0.3437,0.3433,2022/23,2023/24
2024-02-20,Man City,Brentford,home_win,home_win,True,SNIPER,3,0.6278,0.1885,0.1836,2022/23,2023/24
2024-02-21,Liverpool,Luton,home_win,home_win,True,SNIPER,3,0.4751,0.228,0.2969,2022/23,2023/24
2024-02-24,Arsenal,Newcastle,home_win,home_win,True,HOLD,3,0.4511,0.2128,0.3362,2022/23,2023/24
2024-02-24,Bournemouth,Man City,away_win,away_win,True,SNIPER,3,0.1196,0.1481,0.7322,2022/23,2023/24
2024-02-24,Man United,Fulham,away_win,home_win,False,SNIPER,3,0.5436,0.2164,0.24,2022/23,2023/24
2024-02-24,Brighton,Everton,draw,home_win,False,HOLD,3,0.6303,0.1831,0.1866,2022/23,2023/24
2024-02-24,Aston Villa,Nott'm Forest,home_win,home_win,True,SNIPER,3,0.6112,0.2019,0.1869,2022/23,2023/24
2024-02-24,Crystal Palace,Burnley,home_win,home_win,True,HOLD,3,0.3661,0.3183,0.3156,2022/23,2023/24
2024-02-25,Wolves,Sheffield United,home_win,home_win,True,HOLD,3,0.3441,0.3398,0.3161,2022/23,2023/24
2024-02-26,West Ham,Brentford,home_win,away_win,False,HOLD,3,0.2946,0.2262,0.4792,2022/23,2023/24
2024-03-02,Tottenham,Crystal Palace,home_win,home_win,True,HOLD,3,0.5053,0.2068,0.2879,2022/23,2023/24
2024-03-02,Luton,Aston Villa,away_win,draw,False,SKIP,1,0.3326,0.341,0.3265,2022/23,2023/24
2024-03-02,Newcastle,Wolves,home_win,home_win,True,SNIPER,3,0.6848,0.182,0.1332,2022/23,2023/24
2024-03-02,Nott'm Forest,Liverpool,away_win,away_win,True,SNIPER,3,0.2227,0.1834,0.5939,2022/23,2023/24
2024-03-02,Everton,West Ham,away_win,home_win,False,SKIP,2,0.3514,0.3074,0.3411,2022/23,2023/24
2024-03-02,Brentford,Chelsea,draw,home_win,False,SNIPER,3,0.5593,0.2312,0.2095,2022/23,2023/24
2024-03-02,Fulham,Brighton,home_win,away_win,False,SKIP,2,0.3149,0.3258,0.3593,2022/23,2023/24
2024-03-03,Burnley,Bournemouth,away_win,home_win,False,SNIPER,3,0.4709,0.228,0.3011,2022/23,2023/24
2024-03-03,Man City,Man United,home_win,home_win,True,HOLD,3,0.5997,0.1924,0.208,2022/23,2023/24
2024-03-04,Sheffield United,Arsenal,away_win,away_win,True,SKIP,2,0.3305,0.298,0.3715,2022/23,2023/24
2024-03-09,Man United,Everton,home_win,home_win,True,HOLD,3,0.6283,0.2076,0.1641,2022/23,2023/24
2024-03-09,Bournemouth,Sheffield United,draw,away_win,False,SKIP,2,0.3326,0.3325,0.3349,2022/23,2023/24
2024-03-09,Crystal Palace,Luton,draw,home_win,False,HOLD,3,0.3661,0.3183,0.3156,2022/23,2023/24
2024-03-09,Wolves,Fulham,home_win,away_win,False,SKIP,2,0.3127,0.2491,0.4382,2022/23,2023/24
2024-03-09,Arsenal,Brentford,home_win,home_win,True,HOLD,3,0.5501,0.197,0.2529,2022/23,2023/24
2024-03-10,Aston Villa,Tottenham,away_win,home_win,False,HOLD,3,0.5057,0.204,0.2903,2022/23,2023/24
2024-03-10,Brighton,Nott'm Forest,home_win,home_win,True,SNIPER,3,0.6512,0.1691,0.1796,2022/23,2023/24
2024-03-10,West Ham,Burnley,draw,draw,True,SKIP,1,0.3413,0.3427,0.3161,2022/23,2023/24
2024-03-10,Liverpool,Man City,draw,away_win,False,HOLD,3,0.2918,0.2309,0.4773,2022/23,2023/24
2024-03-11,Chelsea,Newcastle,home_win,away_win,False,SNIPER,3,0.2233,0.2284,0.5483,2022/23,2023/24
2024-03-13,Bournemouth,Luton,home_win,away_win,False,SKIP,2,0.3326,0.3325,0.3349,2022/23,2023/24
2024-03-16,Burnley,Brentford,home_win,draw,False,SKIP,1,0.3323,0.3504,0.3173,2022/23,2023/24
2024-03-16,Luton,Nott'm Forest,draw,home_win,False,HOLD,3,0.4575,0.228,0.3145,2022/23,2023/24
2024-03-16,Fulham,Tottenham,home_win,home_win,True,HOLD,3,0.3897,0.2881,0.3223,2022/23,2023/24
2024-03-17,West Ham,Aston Villa,draw,away_win,False,HOLD,3,0.3023,0.229,0.4687,2022/23,2023/24
2024-03-30,Newcastle,West Ham,home_win,home_win,True,SNIPER,3,0.6518,0.1918,0.1564,2022/23,2023/24
2024-03-30,Bournemouth,Everton,home_win,home_win,True,SKIP,2,0.3467,0.3271,0.3262,2022/23,2023/24
2024-03-30,Chelsea,Burnley,draw,draw,True,SKIP,1,0.3323,0.3501,0.3176,2022/23,2023/24
2024-03-30,Nott'm Forest,Crystal Palace,draw,away_win,False,SKIP,2,0.3178,0.327,0.3551,2022/23,2023/24
2024-03-30,Sheffield United,Fulham,draw,home_win,False,HOLD,3,0.4391,0.228,0.3329,2022/23,2023/24
2024-03-30,Tottenham,Luton,home_win,home_win,True,HOLD,3,0.3933,0.298,0.3087,2022/23,2023/24
2024-03-30,Aston Villa,Wolves,home_win,home_win,True,SNIPER,3,0.5984,0.2172,0.1844,2022/23,2023/24
2024-03-30,Brentford,Man United,draw,home_win,False,HOLD,3,0.3467,0.3359,0.3174,2022/23,2023/24
2024-03-31,Liverpool,Brighton,home_win,home_win,True,HOLD,3,0.519,0.1932,0.2877,2022/23,2023/24
2024-03-31,Man City,Arsenal,draw,home_win,False,HOLD,3,0.5559,0.1909,0.2532,2022/23,2023/24
2024-04-02,West Ham,Tottenham,draw,away_win,False,SKIP,2,0.3085,0.324,0.3675,2022/23,2023/24
2024-04-02,Burnley,Wolves,draw,home_win,False,HOLD,3,0.4548,0.228,0.3172,2022/23,2023/24
2024-04-02,Bournemouth,Crystal Palace,home_win,away_win,False,SKIP,2,0.3081,0.2834,0.4085,2022/23,2023/24
2024-04-02,Nott'm Forest,Fulham,home_win,away_win,False,SKIP,2,0.3188,0.2411,0.4401,2022/23,2023/24
2024-04-02,Newcastle,Everton,draw,home_win,False,HOLD,3,0.6786,0.185,0.1364,2022/23,2023/24
2024-04-03,Arsenal,Luton,home_win,home_win,True,SNIPER,3,0.4871,0.228,0.2849,2022/23,2023/24
2024-04-03,Brentford,Brighton,draw,home_win,False,HOLD,3,0.4565,0.2092,0.3343,2022/23,2023/24
2024-04-03,Man City,Aston Villa,home_win,home_win,True,SNIPER,3,0.6348,0.186,0.1792,2022/23,2023/24
2024-04-04,Liverpool,Sheffield United,home_win,home_win,True,SNIPER,3,0.4751,0.228,0.2969,2022/23,2023/24
2024-04-04,Chelsea,Man United,home_win,away_win,False,HOLD,3,0.2576,0.2408,0.5015,2022/23,2023/24
2024-04-06,Crystal Palace,Man City,away_win,away_win,True,SNIPER,3,0.1777,0.1917,0.6306,2022/23,2023/24
2024-04-06,Aston Villa,Brentford,draw,home_win,False,SKIP,2,0.3829,0.3023,0.3148,2022/23,2023/24
2024-04-06,Everton,Burnley,home_win,draw,False,SKIP,1,0.3378,0.3462,0.316,2022/23,2023/24
2024-04-06,Fulham,Newcastle,away_win,away_win,True,HOLD,3,0.276,0.2198,0.5042,2022/23,2023/24
2024-04-06,Luton,Bournemouth,home_win,home_win,True,SNIPER,3,0.4709,0.228,0.3011,2022/23,2023/24
2024-04-06,Wolves,West Ham,away_win,away_win,True,SKIP,2,0.3417,0.3096,0.3488,2022/23,2023/24
2024-04-06,Brighton,Arsenal,away_win,away_win,True,HOLD,3,0.3266,0.2314,0.442,2022/23,2023/24
2024-04-07,Sheffield United,Chelsea,draw,home_win,False,HOLD,3,0.4621,0.228,0.3099,2022/23,2023/24
2024-04-07,Tottenham,Nott'm Forest,home_win,home_win,True,HOLD,3,0.6024,0.1776,0.2201,2022/23,2023/24
2024-04-07,Man United,Liverpool,draw,home_win,False,SKIP,2,0.3887,0.2847,0.3266,2022/23,2023/24
2024-04-13,Newcastle,Tottenham,home_win,home_win,True,SNIPER,3,0.6156,0.1815,0.2029,2022/23,2023/24
2024-04-13,Brentford,Sheffield United,home_win,home_win,True,HOLD,3,0.4619,0.228,0.3101,2022/23,2023/24
2024-04-13,Burnley,Brighton,draw,home_win,False,HOLD,3,0.3522,0.3317,0.3161,2022/23,2023/24
2024-04-13,Man City,Luton,home_win,home_win,True,SNIPER,3,0.5091,0.228,0.2629,2022/23,2023/24
2024-04-13,Nott'm Forest,Wolves,draw,home_win,False,HOLD,3,0.4352,0.2367,0.3281,2022/23,2023/24
2024-04-13,Bournemouth,Man United,draw,away_win,False,HOLD,3,0.2079,0.204,0.5881,2022/23,2023/24
2024-04-14,West Ham,Fulham,away_win,away_win,True,SKIP,2,0.3277,0.3184,0.3539,2022/23,2023/24
2024-04-14,Liverpool,Crystal Palace,away_win,home_win,False,SNIPER,3,0.6031,0.2,0.1969,2022/23,2023/24
2024-04-14,Arsenal,Aston Villa,away_win,home_win,False,HOLD,3,0.5593,0.1954,0.2453,2022/23,2023/24
2024-04-15,Chelsea,Everton,home_win,home_win,True,HOLD,3,0.4443,0.2555,0.3002,2022/23,2023/24
2024-04-20,Luton,Brentford,away_win,draw,False,SKIP,1,0.3323,0.3504,0.3173,2022/23,2023/24
2024-04-20,Sheffield United,Burnley,away_win,home_win,False,HOLD,3,0.3903,0.298,0.3117,2022/23,2023/24
2024-04-20,Wolves,Arsenal,away_win,away_win,True,HOLD,3,0.1879,0.1762,0.6358,2022/23,2023/24
2024-04-21,Aston Villa,Bournemouth,home_win,home_win,True,SNIPER,3,0.6374,0.1974,0.1651,2022/23,2023/24
2024-04-21,Crystal Palace,West Ham,home_win,home_win,True,HOLD,3,0.4477,0.2393,0.313,2022/23,2023/24
2024-04-21,Everton,Nott'm Forest,home_win,home_win,True,HOLD,3,0.3925,0.3033,0.3041,2022/23,2023/24
2024-04-21,Fulham,Liverpool,away_win,away_win,True,HOLD,3,0.3125,0.2135,0.474,2022/23,2023/24
2024-04-23,Arsenal,Chelsea,home_win,home_win,True,SNIPER,3,0.6733,0.1829,0.1438,2022/23,2023/24
2024-04-24,Man United,Sheffield United,home_win,home_win,True,SNIPER,3,0.4818,0.228,0.2902,2022/23,2023/24
2024-04-24,Everton,Liverpool,home_win,away_win,False,SNIPER,3,0.2264,0.1963,0.5773,2022/23,2023/24
2024-04-24,Crystal Palace,Newcastle,home_win,away_win,False,HOLD,3,0.2491,0.226,0.5249,2022/23,2023/24
2024-04-24,Wolves,Bournemouth,away_win,home_win,False,HOLD,3,0.4481,0.2388,0.3131,2022/23,2023/24
2024-04-25,Brighton,Man City,away_win,away_win,True,HOLD,3,0.255,0.1886,0.5565,2022/23,2023/24
2024-04-27,West Ham,Liverpool,draw,away_win,False,SNIPER,3,0.2581,0.201,0.5408,2022/23,2023/24
2024-04-27,Fulham,Crystal Palace,draw,home_win,False,HOLD,3,0.4679,0.2287,0.3034,2022/23,2023/24
2024-04-27,Man United,Burnley,draw,home_win,False,SNIPER,3,0.4818,0.228,0.2902,2022/23,2023/24
2024-04-27,Newcastle,Sheffield United,home_win,home_win,True,SNIPER,3,0.4771,0.228,0.2949,2022/23,2023/24
2024-04-27,Wolves,Luton,home_win,home_win,True,HOLD,3,0.3441,0.3398,0.3161,2022/23,2023/24
2024-04-27,Everton,Brentford,home_win,away_win,False,HOLD,3,0.2614,0.2231,0.5155,2022/23,2023/24
2024-04-27,Aston Villa,Chelsea,draw,home_win,False,SNIPER,3,0.544,0.2399,0.2161,2022/23,2023/24
2024-04-28,Bournemouth,Brighton,home_win,away_win,False,HOLD,3,0.241,0.1845,0.5746,2022/23,2023/24
2024-04-28,Tottenham,Arsenal,away_win,away_win,True,HOLD,3,0.2838,0.1876,0.5285,2022/23,2023/24
2024-04-28,Nott'm Forest,Man City,away_win,away_win,True,SNIPER,3,0.1368,0.1535,0.7097,2022/23,2023/24
2024-05-02,Chelsea,Tottenham,home_win,away_win,False,HOLD,3,0.3001,0.3322,0.3678,2022/23,2023/24
2024-05-03,Luton,Everton,draw,home_win,False,HOLD,3,0.4581,0.228,0.3139,2022/23,2023/24
2024-05-04,Man City,Wolves,home_win,home_win,True,SNIPER,3,0.7756,0.1413,0.0831,2022/23,2023/24
2024-05-04,Burnley,Newcastle,away_win,away_win,True,SKIP,2,0.3322,0.3197,0.3481,2022/23,2023/24
2024-05-04,Sheffield United,Nott'm Forest,away_win,home_win,False,HOLD,3,0.4575,0.228,0.3145,2022/23,2023/24
2024-05-04,Arsenal,Bournemouth,home_win,home_win,True,SNIPER,3,0.7639,0.1375,0.0985,2022/23,2023/24
2024-05-04,Brentford,Fulham,draw,home_win,False,SNIPER,3,0.5189,0.2164,0.2646,2022/23,2023/24
2024-05-05,Brighton,Aston Villa,home_win,home_win,True,HOLD,3,0.4338,0.2365,0.3297,2022/23,2023/24
2024-05-05,Chelsea,West Ham,home_win,home_win,True,HOLD,3,0.3727,0.322,0.3053,2022/23,2023/24
2024-05-05,Liverpool,Tottenham,home_win,home_win,True,SNIPER,3,0.5904,0.1787,0.231,2022/23,2023/24
2024-05-06,Crystal Palace,Man United,home_win,away_win,False,HOLD,3,0.2857,0.2373,0.4769,2022/23,2023/24
2024-05-11,Everton,Sheffield United,home_win,draw,False,SKIP,1,0.3378,0.3462,0.316,2022/23,2023/24
2024-05-11,Fulham,Man City,away_win,away_win,True,SNIPER,3,0.1977,0.1868,0.6154,2022/23,2023/24
2024-05-11,Bournemouth,Brentford,away_win,away_win,True,SNIPER,3,0.2336,0.2049,0.5615,2022/23,2023/24
2024-05-11,Newcastle,Brighton,draw,home_win,False,HOLD,3,0.5481,0.2002,0.2517,2022/23,2023/24
2024-05-11,Tottenham,Burnley,home_win,home_win,True,HOLD,3,0.3933,0.298,0.3087,2022/23,2023/24
2024-05-11,West Ham,Luton,home_win,draw,False,SKIP,1,0.3413,0.3427,0.3161,2022/23,2023/24
2024-05-11,Wolves,Crystal Palace,away_win,away_win,True,SKIP,2,0.3078,0.3395,0.3526,2022/23,2023/24
2024-05-11,Nott'm Forest,Chelsea,away_win,home_win,False,SKIP,2,0.3539,0.3106,0.3355,2022/23,2023/24
2024-05-12,Man United,Arsenal,away_win,away_win,True,SKIP,2,0.3425,0.2863,0.3713,2022/23,2023/24
2024-05-13,Aston Villa,Liverpool,draw,away_win,False,SKIP,2,0.3441,0.2984,0.3575,2022/23,2023/24
2024-05-14,Tottenham,Man City,away_win,away_win,True,SNIPER,3,0.2073,0.171,0.6217,2022/23,2023/24
2024-05-15,Man United,Newcastle,home_win,away_win,False,SKIP,2,0.3451,0.3019,0.3531,2022/23,2023/24
2024-05-15,Brighton,Chelsea,away_win,home_win,False,SNIPER,3,0.5792,0.2055,0.2152,2022/23,2023/24
2024-05-19,Arsenal,Everton,home_win,home_win,True,HOLD,3,0.7216,0.1571,0.1213,2022/23,2023/24
2024-05-19,Brentford,Newcastle,away_win,away_win,True,SKIP,2,0.3053,0.3259,0.3688,2022/23,2023/24
2024-05-19,Brighton,Man United,away_win,home_win,False,SKIP,2,0.346,0.3299,0.324,2022/23,2023/24
2024-05-19,Burnley,Nott'm Forest,away_win,home_win,False,HOLD,3,0.4575,0.228,0.3145,2022/23,2023/24
2024-05-19,Chelsea,Bournemouth,home_win,home_win,True,HOLD,3,0.492,0.2337,0.2742,2022/23,2023/24
2024-05-19,Crystal Palace,Aston Villa,home_win,away_win,False,HOLD,3,0.3117,0.2613,0.427,2022/23,2023/24
2024-05-19,Liverpool,Wolves,home_win,home_win,True,SNIPER,3,0.6809,0.1734,0.1457,2022/23,2023/24
2024-05-19,Luton,Fulham,away_win,home_win,False,HOLD,3,0.4391,0.228,0.3329,2022/23,2023/24
2024-05-19,Man City,West Ham,home_win,home_win,True,SNIPER,3,0.7489,0.153,0.0981,2022/23,2023/24
2024-05-19,Sheffield United,Tottenham,away_win,home_win,False,HOLD,3,0.3866,0.2993,0.3142,2022/23,2023/24
2024-08-16,Man United,Fulham,home_win,home_win,True,HOLD,3,0.4707,0.2279,0.3015,2023/24,2024/25
2024-08-17,West Ham,Aston Villa,away_win,away_win,True,HOLD,3,0.3008,0.2423,0.4568,2023/24,2024/25
2024-08-17,Nott'm Forest,Bournemouth,draw,draw,True,SKIP,1,0.3156,0.345,0.3395,2023/24,2024/25
2024-08-17,Newcastle,Southampton,home_win,home_win,True,HOLD,3,0.4398,0.2445,0.3157,2023/24,2024/25
2024-08-17,Arsenal,Wolves,home_win,home_win,True,SNIPER,3,0.7545,0.1625,0.083,2023/24,2024/25
2024-08-17,Ipswich,Liverpool,away_win,away_win,True,SKIP,2,0.3166,0.3145,0.3689,2023/24,2024/25
2024-08-17,Everton,Brighton,away_win,home_win,False,SKIP,2,0.375,0.3286,0.2964,2023/24,2024/25
2024-08-18,Brentford,Crystal Palace,home_win,away_win,False,HOLD,3,0.2976,0.3256,0.3767,2023/24,2024/25
2024-08-18,Chelsea,Man City,away_win,away_win,True,HOLD,3,0.2345,0.1861,0.5794,2023/24,2024/25
2024-08-19,Leicester,Tottenham,draw,home_win,False,HOLD,3,0.3509,0.3424,0.3066,2023/24,2024/25
2024-08-24,Brighton,Man United,home_win,away_win,False,HOLD,3,0.2998,0.3399,0.3603,2023/24,2024/25
2024-08-24,Crystal Palace,West Ham,away_win,home_win,False,HOLD,3,0.5097,0.2098,0.2805,2023/24,2024/25
2024-08-24,Fulham,Leicester,home_win,home_win,True,HOLD,3,0.3601,0.3336,0.3063,2023/24,2024/25
2024-08-24,Man City,Ipswich,home_win,home_win,True,SNIPER,3,0.5132,0.2445,0.2422,2023/24,2024/25
2024-08-24,Southampton,Nott'm Forest,away_win,home_win,False,SNIPER,3,0.4621,0.2445,0.2933,2023/24,2024/25
2024-08-24,Tottenham,Everton,home_win,home_win,True,HOLD,3,0.5031,0.2319,0.265,2023/24,2024/25
2024-08-24,Aston Villa,Arsenal,away_win,away_win,True,HOLD,3,0.211,0.19,0.599,2023/24,2024/25
2024-08-25,Wolves,Chelsea,away_win,away_win,True,SNIPER,3,0.2644,0.2055,0.5301,2023/24,2024/25
2024-08-25,Bournemouth,Newcastle,draw,away_win,False,SKIP,2,0.2944,0.249,0.4566,2023/24,2024/25
2024-08-25,Liverpool,Brentford,home_win,home_win,True,SNIPER,3,0.6732,0.1852,0.1416,2023/24,2024/25
2024-08-31,Brentford,Southampton,home_win,draw,False,SKIP,1,0.3251,0.3662,0.3087,2023/24,2024/25
2024-08-31,Nott'm Forest,Wolves,draw,home_win,False,SKIP,2,0.3628,0.3159,0.3213,2023/24,2024/25
2024-08-31,West Ham,Man City,away_win,away_win,True,SNIPER,3,0.1402,0.1597,0.7,2023/24,2024/25
2024-08-31,Leicester,Aston Villa,away_win,draw,False,SKIP,1,0.3336,0.3596,0.3067,2023/24,2024/25
2024-08-31,Arsenal,Brighton,draw,home_win,False,SNIPER,3,0.7331,0.172,0.0949,2023/24,2024/25
2024-08-31,Everton,Bournemouth,away_win,home_win,False,SKIP,2,0.3719,0.3221,0.306,2023/24,2024/25
2024-08-31,Ipswich,Fulham,draw,home_win,False,HOLD,3,0.4354,0.2445,0.3201,2023/24,2024/25
2024-09-01,Chelsea,Crystal Palace,draw,home_win,False,HOLD,3,0.5025,0.2088,0.2887,2023/24,2024/25
2024-09-01,Newcastle,Tottenham,home_win,home_win,True,HOLD,3,0.4731,0.1968,0.3301,2023/24,2024/25
2024-09-01,Man United,Liverpool,away_win,away_win,True,HOLD,3,0.2586,0.2288,0.5126,2023/24,2024/25
2024-09-14,Southampton,Man United,away_win,home_win,False,HOLD,3,0.3489,0.3444,0.3067,2023/24,2024/25
2024-09-14,Brighton,Ipswich,draw,draw,True,SKIP,1,0.3436,0.3496,0.3068,2023/24,2024/25
2024-09-14,Crystal Palace,Leicester,draw,home_win,False,HOLD,3,0.4336,0.2445,0.3219,2023/24,2024/25
2024-09-14,Fulham,West Ham,draw,home_win,False,HOLD,3,0.4563,0.2147,0.329,2023/24,2024/25
2024-09-14,Liverpool,Nott'm Forest,away_win,home_win,False,SNIPER,3,0.6987,0.1783,0.123,2023/24,2024/25
2024-09-14,Man City,Brentford,home_win,home_win,True,SNIPER,3,0.7496,0.1624,0.088,2023/24,2024/25
2024-09-14,Aston Villa,Everton,home_win,home_win,True,HOLD,3,0.5178,0.2292,0.2529,2023/24,2024/25
2024-09-14,Bournemouth,Chelsea,away_win,away_win,True,HOLD,3,0.2981,0.209,0.4929,2023/24,2024/25
2024-09-15,Wolves,Newcastle,away_win,away_win,True,HOLD,3,0.2733,0.2236,0.5031,2023/24,2024/25
2024-09-15,Tottenham,Arsenal,away_win,away_win,True,SNIPER,3,0.1997,0.1901,0.6103,2023/24,2024/25
2024-09-21,West Ham,Chelsea,away_win,away_win,True,HOLD,3,0.2917,0.2017,0.5065,2023/24,2024/25
2024-09-21,Aston Villa,Wolves,home_win,home_win,True,SNIPER,3,0.5758,0.204,0.2202,2023/24,2024/25
2024-09-21,Fulham,Newcastle,home_win,away_win,False,SKIP,2,0.3087,0.2558,0.4355,2023/24,2024/25
2024-09-21,Leicester,Everton,draw,home_win,False,HOLD,3,0.3872,0.3145,0.2983,2023/24,2024/25
2024-09-21,Liverpool,Bournemouth,home_win,home_win,True,SNIPER,3,0.6642,0.1836,0.1522,2023/24,2024/25
2024-09-21,Southampton,Ipswich,draw,home_win,False,HOLD,3,0.383,0.3145,0.3024,2023/24,2024/25
2024-09-21,Tottenham,Brentford,home_win,home_win,True,SNIPER,3,0.5433,0.2067,0.25,2023/24,2024/25
2024-09-21,Crystal Palace,Man United,draw,home_win,False,HOLD,3,0.3812,0.3071,0.3118,2023/24,2024/25
2024-09-22,Brighton,Nott'm Forest,draw,home_win,False,HOLD,3,0.463,0.2313,0.3057,2023/24,2024/25
2024-09-22,Man City,Arsenal,draw,home_win,False,SKIP,2,0.3691,0.3136,0.3174,2023/24,2024/25
2024-09-28,Wolves,Liverpool,away_win,away_win,True,SNIPER,3,0.187,0.1934,0.6196,2023/24,2024/25
2024-09-28,Everton,Crystal Palace,home_win,away_win,False,SKIP,2,0.3057,0.3456,0.3486,2023/24,2024/25
2024-09-28,Chelsea,Brighton,home_win,home_win,True,SNIPER,3,0.5728,0.2042,0.2231,2023/24,2024/25
2024-09-28,Nott'm Forest,Fulham,away_win,away_win,True,SKIP,2,0.3014,0.3454,0.3532,2023/24,2024/25
2024-09-28,Arsenal,Leicester,home_win,home_win,True,SNIPER,3,0.5076,0.2445,0.2479,2023/24,2024/25
2024-09-28,Newcastle,Man City,draw,away_win,False,SNIPER,3,0.2133,0.1882,0.5984,2023/24,2024/25
2024-09-28,Brentford,West Ham,draw,home_win,False,HOLD,3,0.3676,0.3198,0.3126,2023/24,2024/25
2024-09-29,Ipswich,Aston Villa,draw,draw,True,SKIP,1,0.3336,0.3596,0.3067,2023/24,2024/25
2024-09-29,Man United,Tottenham,away_win,home_win,False,SKIP,2,0.3681,0.2865,0.3454,2023/24,2024/25
2024-09-30,Bournemouth,Southampton,home_win,home_win,True,HOLD,3,0.3613,0.3325,0.3062,2023/24,2024/25
2024-10-05,Everton,Newcastle,draw,away_win,False,SKIP,2,0.3005,0.2575,0.442,2023/24,2024/25
2024-10-05,West Ham,Ipswich,home_win,home_win,True,HOLD,3,0.3646,0.3294,0.306,2023/24,2024/25
2024-10-05,Man City,Fulham,home_win,home_win,True,HOLD,3,0.7247,0.1714,0.1039,2023/24,2024/25
2024-10-05,Leicester,Bournemouth,home_win,home_win,True,HOLD,3,0.4347,0.2445,0.3207,2023/24,2024/25
2024-10-05,Brentford,Wolves,home_win,home_win,True,HOLD,3,0.4446,0.2269,0.3285,2023/24,2024/25
2024-10-05,Arsenal,Southampton,home_win,home_win,True,SNIPER,3,0.5076,0.2445,0.2479,2023/24,2024/25
2024-10-05,Crystal Palace,Liverpool,away_win,away_win,True,HOLD,3,0.2635,0.2173,0.5192,2023/24,2024/25
2024-10-06,Aston Villa,Man United,draw,home_win,False,HOLD,3,0.4755,0.2122,0.3122,2023/24,2024/25
2024-10-06,Chelsea,Nott'm Forest,draw,home_win,False,SNIPER,3,0.6166,0.195,0.1884,2023/24,2024/25
2024-10-06,Brighton,Tottenham,home_win,away_win,False,HOLD,3,0.3114,0.2571,0.4314,2023/24,2024/25
2024-10-19,Bournemouth,Arsenal,home_win,away_win,False,SNIPER,3,0.1476,0.1764,0.676,2023/24,2024/25
2024-10-19,Southampton,Leicester,away_win,home_win,False,HOLD,3,0.383,0.3145,0.3024,2023/24,2024/25
2024-10-19,Newcastle,Brighton,away_win,home_win,False,HOLD,3,0.5664,0.1977,0.2359,2023/24,2024/25
2024-10-19,Tottenham,West Ham,home_win,home_win,True,HOLD,3,0.5496,0.1942,0.2562,2023/24,2024/25
2024-10-19,Ipswich,Everton,away_win,home_win,False,HOLD,3,0.3872,0.3145,0.2983,2023/24,2024/25
2024-10-19,Fulham,Aston Villa,away_win,away_win,True,HOLD,3,0.3223,0.2532,0.4244,2023/24,2024/25
2024-10-19,Man United,Brentford,home_win,home_win,True,SNIPER,3,0.503,0.2233,0.2736,2023/24,2024/25
2024-10-20,Wolves,Man City,away_win,away_win,True,SNIPER,3,0.1245,0.1721,0.7034,2023/24,2024/25
2024-10-20,Liverpool,Chelsea,home_win,home_win,True,HOLD,3,0.5565,0.1937,0.2498,2023/24,2024/25
2024-10-21,Nott'm Forest,Crystal Palace,home_win,away_win,False,HOLD,3,0.3022,0.2426,0.4552,2023/24,2024/25
2024-10-25,Leicester,Nott'm Forest,away_win,home_win,False,SNIPER,3,0.4621,0.2445,0.2933,2023/24,2024/25
2024-10-26,Everton,Fulham,draw,home_win,False,SKIP,2,0.3585,0.3247,0.3168,2023/24,2024/25
2024-10-26,Aston Villa,Bournemouth,draw,home_win,False,SNIPER,3,0.5454,0.2036,0.251,2023/24,2024/25
2024-10-26,Brentford,Ipswich,home_win,draw,False,SKIP,1,0.3251,0.3662,0.3087,2023/24,2024/25
2024-10-26,Brighton,Wolves,draw,home_win,False,HOLD,3,0.4482,0.2338,0.318,2023/24,2024/25
2024-10-26,Man City,Southampton,home_win,home_win,True,SNIPER,3,0.5132,0.2445,0.2422,2023/24,2024/25
2024-10-27,Crystal Palace,Tottenham,home_win,home_win,True,SKIP,2,0.3654,0.2941,0.3405,2023/24,2024/25
2024-10-27,West Ham,Man United,home_win,away_win,False,SKIP,2,0.3015,0.3345,0.364,2023/24,2024/25
2024-10-27,Chelsea,Newcastle,home_win,home_win,True,SKIP,2,0.4601,0.1954,0.3445,2023/24,2024/25
2024-10-27,Arsenal,Liverpool,draw,home_win,False,HOLD,3,0.5323,0.2246,0.2432,2023/24,2024/25
2024-11-02,Southampton,Everton,home_win,home_win,True,HOLD,3,0.3872,0.3145,0.2983,2023/24,2024/25
2024-11-02,Wolves,Crystal Palace,draw,away_win,False,HOLD,3,0.3061,0.2629,0.431,2023/24,2024/25
2024-11-02,Nott'm Forest,West Ham,home_win,draw,False,SKIP,1,0.3253,0.3384,0.3363,2023/24,2024/25
2024-11-02,Ipswich,Leicester,draw,home_win,False,HOLD,3,0.383,0.3145,0.3024,2023/24,2024/25
2024-11-02,Liverpool,Brighton,home_win,home_win,True,SNIPER,3,0.6598,0.1911,0.1491,2023/24,2024/25
2024-11-02,Bournemouth,Man City,home_win,away_win,False,SNIPER,3,0.1448,0.1737,0.6814,2023/24,2024/25
2024-11-02,Newcastle,Arsenal,home_win,away_win,False,SNIPER,3,0.2113,0.1907,0.598,2023/24,2024/25
2024-11-03,Tottenham,Aston Villa,home_win,home_win,True,HOLD,3,0.3808,0.2874,0.3318,2023/24,2024/25
2024-11-03,Man United,Chelsea,draw,away_win,False,SKIP,2,0.3086,0.3278,0.3636,2023/24,2024/25
2024-11-04,Fulham,Brentford,home_win,home_win,True,HOLD,3,0.4571,0.2254,0.3176,2023/24,2024/25
2024-11-09,Liverpool,Aston Villa,home_win,home_win,True,SNIPER,3,0.578,0.1955,0.2266,2023/24,2024/25
2024-11-09,Brighton,Man City,home_win,away_win,False,SNIPER,3,0.1396,0.1809,0.6796,2023/24,2024/25
2024-11-09,Wolves,Southampton,home_win,draw,False,SKIP,1,0.3266,0.3669,0.3065,2023/24,2024/25
2024-11-09,Crystal Palace,Fulham,away_win,home_win,False,HOLD,3,0.4731,0.2267,0.3003,2023/24,2024/25
2024-11-09,Brentford,Bournemouth,home_win,home_win,True,HOLD,3,0.3556,0.327,0.3174,2023/24,2024/25
2024-11-09,West Ham,Everton,draw,home_win,False,HOLD,3,0.3676,0.3173,0.3151,2023/24,2024/25
2024-11-10,Man United,Leicester,home_win,home_win,True,HOLD,3,0.4413,0.2445,0.3142,2023/24,2024/25
2024-11-10,Nott'm Forest,Newcastle,away_win,away_win,True,HOLD,3,0.2684,0.2031,0.5286,2023/24,2024/25
2024-11-10,Tottenham,Ipswich,away_win,home_win,False,HOLD,3,0.4402,0.2445,0.3153,2023/24,2024/25
2024-11-10,Chelsea,Arsenal,draw,away_win,False,HOLD,3,0.2277,0.2038,0.5685,2023/24,2024/25
2024-11-23,Fulham,Wolves,away_win,home_win,False,HOLD,3,0.4738,0.229,0.2972,2023/24,2024/25
2024-11-23,Man City,Tottenham,away_win,home_win,False,SNIPER,3,0.6847,0.1757,0.1396,2023/24,2024/25
2024-11-23,Everton,Brentford,draw,home_win,False,SKIP,2,0.4267,0.2512,0.3221,2023/24,2024/25
2024-11-23,Leicester,Chelsea,away_win,draw,False,SKIP,1,0.3252,0.3414,0.3334,2023/24,2024/25
2024-11-23,Aston Villa,Crystal Palace,draw,home_win,False,HOLD,3,0.473,0.2132,0.3138,2023/24,2024/25
2024-11-23,Arsenal,Nott'm Forest,home_win,home_win,True,SNIPER,3,0.7649,0.1583,0.0768,2023/24,2024/25
2024-11-23,Bournemouth,Brighton,away_win,home_win,False,HOLD,3,0.391,0.2997,0.3094,2023/24,2024/25
2024-11-24,Southampton,Liverpool,away_win,away_win,True,SKIP,2,0.3166,0.3145,0.3689,2023/24,2024/25
2024-11-24,Ipswich,Man United,draw,home_win,False,HOLD,3,0.3489,0.3444,0.3067,2023/24,2024/25
2024-11-25,Newcastle,West Ham,away_win,home_win,False,HOLD,3,0.5879,0.1794,0.2327,2023/24,2024/25
2024-11-29,Brighton,Southampton,draw,draw,True,SKIP,1,0.3436,0.3496,0.3068,2023/24,2024/25
2024-11-30,Brentford,Leicester,home_win,draw,False,SKIP,1,0.3251,0.3662,0.3087,2023/24,2024/25
2024-11-30,Crystal Palace,Newcastle,draw,away_win,False,SKIP,2,0.3473,0.2848,0.3679,2023/24,2024/25
2024-11-30,Nott'm Forest,Ipswich,home_win,draw,False,SKIP,1,0.3254,0.3524,0.3222,2023/24,2024/25
2024-11-30,Wolves,Bournemouth,away_win,away_win,True,SKIP,2,0.3352,0.3294,0.3355,2023/24,2024/25
2024-11-30,West Ham,Arsenal,away_win,away_win,True,SNIPER,3,0.1436,0.1616,0.6948,2023/24,2024/25
2024-12-01,Liverpool,Man City,home_win,away_win,False,HOLD,3,0.3018,0.2616,0.4366,2023/24,2024/25
2024-12-01,Tottenham,Fulham,draw,home_win,False,HOLD,3,0.509,0.2122,0.2788,2023/24,2024/25
2024-12-01,Man United,Everton,home_win,home_win,True,HOLD,3,0.466,0.2513,0.2828,2023/24,2024/25
2024-12-01,Chelsea,Aston Villa,home_win,home_win,True,HOLD,3,0.4711,0.1997,0.3292,2023/24,2024/25
2024-12-03,Ipswich,Crystal Palace,away_win,home_win,False,HOLD,3,0.3635,0.3304,0.3061,2023/24,2024/25
2024-12-03,Leicester,West Ham,home_win,home_win,True,HOLD,3,0.433,0.2445,0.3224,2023/24,2024/25
2024-12-04,Arsenal,Man United,home_win,home_win,True,SNIPER,3,0.6875,0.1815,0.1309,2023/24,2024/25
2024-12-04,Southampton,Chelsea,away_win,draw,False,SKIP,1,0.3252,0.3414,0.3334,2023/24,2024/25
2024-12-04,Aston Villa,Brentford,home_win,home_win,True,SNIPER,3,0.5575,0.2043,0.2382,2023/24,2024/25
2024-12-04,Man City,Nott'm Forest,home_win,home_win,True,SNIPER,3,0.7691,0.1551,0.0759,2023/24,2024/25
2024-12-04,Everton,Wolves,home_win,home_win,True,HOLD,3,0.4398,0.2579,0.3023,2023/24,2024/25
2024-12-04,Newcastle,Liverpool,draw,away_win,False,HOLD,3,0.3011,0.2201,0.4789,2023/24,2024/25
2024-12-05,Fulham,Brighton,home_win,home_win,True,HOLD,3,0.4441,0.2315,0.3244,2023/24,2024/25
2024-12-05,Bournemouth,Tottenham,home_win,away_win,False,SKIP,2,0.3145,0.2615,0.424,2023/24,2024/25
2024-12-07,Aston Villa,Southampton,home_win,home_win,True,HOLD,3,0.4494,0.2445,0.3061,2023/24,2024/25
2024-12-07,Brentford,Newcastle,home_win,away_win,False,HOLD,3,0.2935,0.2201,0.4864,2023/24,2024/25
2024-12-07,Crystal Palace,Man City,draw,away_win,False,SNIPER,3,0.1855,0.193,0.6215,2023/24,2024/25
2024-12-07,Man United,Nott'm Forest,away_win,home_win,False,SNIPER,3,0.5338,0.223,0.2432,2023/24,2024/25
2024-12-08,Tottenham,Chelsea,away_win,away_win,True,SKIP,2,0.3391,0.3205,0.3405,2023/24,2024/25
2024-12-08,Leicester,Brighton,draw,home_win,False,HOLD,3,0.4441,0.2445,0.3114,2023/24,2024/25
2024-12-08,Fulham,Arsenal,draw,away_win,False,SNIPER,3,0.154,0.1867,0.6593,2023/24,2024/25
2024-12-08,Ipswich,Bournemouth,away_win,home_win,False,HOLD,3,0.4347,0.2445,0.3207,2023/24,2024/25
2024-12-09,West Ham,Wolves,home_win,home_win,True,HOLD,3,0.4601,0.2188,0.3211,2023/24,2024/25
2024-12-14,Arsenal,Everton,draw,home_win,False,SNIPER,3,0.6966,0.1964,0.1069,2023/24,2024/25
2024-12-14,Liverpool,Fulham,draw,home_win,False,HOLD,3,0.6432,0.1935,0.1632,2023/24,2024/25
2024-12-14,Newcastle,Leicester,home_win,home_win,True,HOLD,3,0.4398,0.2445,0.3157,2023/24,2024/25
2024-12-14,Wolves,Ipswich,away_win,draw,False,SKIP,1,0.3266,0.3669,0.3065,2023/24,2024/25
2024-12-14,Nott'm Forest,Aston Villa,home_win,away_win,False,HOLD,3,0.277,0.2079,0.5151,2023/24,2024/25
2024-12-15,Brighton,Crystal Palace,away_win,away_win,True,HOLD,3,0.2921,0.3529,0.3549,2023/24,2024/25
2024-12-15,Man City,Man United,away_win,home_win,False,SNIPER,3,0.692,0.1779,0.1301,2023/24,2024/25
2024-12-15,Chelsea,Brentford,home_win,home_win,True,SNIPER,3,0.5844,0.199,0.2166,2023/24,2024/25
2024-12-15,Southampton,Tottenham,away_win,home_win,False,HOLD,3,0.3509,0.3424,0.3066,2023/24,2024/25
2024-12-16,Bournemouth,West Ham,draw,home_win,False,HOLD,3,0.401,0.284,0.3151,2023/24,2024/25
2024-12-21,Crystal Palace,Arsenal,away_win,away_win,True,SNIPER,3,0.1866,0.1963,0.6171,2023/24,2024/25
2024-12-21,Ipswich,Newcastle,away_win,home_win,False,HOLD,3,0.3517,0.3417,0.3066,2023/24,2024/25
2024-12-21,West Ham,Brighton,draw,home_win,False,SKIP,2,0.3911,0.2898,0.3191,2023/24,2024/25
2024-12-21,Brentford,Nott'm Forest,away_win,home_win,False,HOLD,3,0.4599,0.2244,0.3157,2023/24,2024/25
2024-12-21,Aston Villa,Man City,home_win,away_win,False,SNIPER,3,0.211,0.1874,0.6016,2023/24,2024/25
2024-12-22,Everton,Chelsea,draw,away_win,False,HOLD,3,0.2887,0.2469,0.4644,2023/24,2024/25
2024-12-22,Fulham,Southampton,draw,home_win,False,HOLD,3,0.3601,0.3336,0.3063,2023/24,2024/25
2024-12-22,Leicester,Wolves,away_win,home_win,False,HOLD,3,0.4531,0.2445,0.3023,2023/24,2024/25
2024-12-22,Man United,Bournemouth,away_win,home_win,False,HOLD,3,0.4896,0.2233,0.287,2023/24,2024/25
2024-12-22,Tottenham,Liverpool,away_win,away_win,True,HOLD,3,0.2791,0.2227,0.4982,2023/24,2024/25
2024-12-26,Liverpool,Leicester,home_win,home_win,True,SNIPER,3,0.4857,0.2445,0.2698,2023/24,2024/25
2024-12-26,Wolves,Man United,home_win,away_win,False,HOLD,3,0.3128,0.2505,0.4367,2023/24,2024/25
2024-12-26,Southampton,West Ham,away_win,home_win,False,HOLD,3,0.433,0.2445,0.3224,2023/24,2024/25
2024-12-26,Nott'm Forest,Tottenham,home_win,away_win,False,HOLD,3,0.2878,0.2157,0.4965,2023/24,2024/25
2024-12-26,Chelsea,Fulham,away_win,home_win,False,HOLD,3,0.5521,0.2049,0.243,2023/24,2024/25
2024-12-26,Bournemouth,Crystal Palace,draw,away_win,False,SKIP,2,0.3075,0.3329,0.3596,2023/24,2024/25
2024-12-26,Man City,Everton,draw,home_win,False,SNIPER,3,0.7032,0.191,0.1058,2023/24,2024/25
2024-12-26,Newcastle,Aston Villa,home_win,home_win,True,HOLD,3,0.4516,0.2096,0.3388,2023/24,2024/25
2024-12-27,Brighton,Brentford,draw,home_win,False,HOLD,3,0.3927,0.2989,0.3083,2023/24,2024/25
2024-12-27,Arsenal,Ipswich,home_win,home_win,True,SNIPER,3,0.5076,0.2445,0.2479,2023/24,2024/25
2024-12-29,Tottenham,Wolves,draw,home_win,False,SNIPER,3,0.5615,0.2067,0.2317,2023/24,2024/25
2024-12-29,West Ham,Liverpool,away_win,away_win,True,SNIPER,3,0.2092,0.1812,0.6096,2023/24,2024/25
2024-12-29,Fulham,Bournemouth,draw,home_win,False,HOLD,3,0.4412,0.2256,0.3332,2023/24,2024/25
2024-12-29,Leicester,Man City,away_win,away_win,True,SKIP,2,0.3099,0.2445,0.4456,2023/24,2024/25
2024-12-29,Crystal Palace,Southampton,home_win,home_win,True,HOLD,3,0.4336,0.2445,0.3219,2023/24,2024/25
2024-12-29,Everton,Nott'm Forest,away_win,home_win,False,HOLD,3,0.4534,0.2552,0.2913,2023/24,2024/25
2024-12-30,Aston Villa,Brighton,draw,home_win,False,SNIPER,3,0.545,0.2096,0.2454,2023/24,2024/25
2024-12-30,Ipswich,Chelsea,home_win,draw,False,SKIP,1,0.3252,0.3414,0.3334,2023/24,2024/25
2024-12-30,Man United,Newcastle,away_win,away_win,True,SKIP,2,0.3497,0.2772,0.3732,2023/24,2024/25
2025-01-01,Brentford,Arsenal,away_win,away_win,True,SNIPER,3,0.1323,0.1781,0.6897,2023/24,2024/25
2025-01-04,Tottenham,Newcastle,away_win,home_win,False,SKIP,2,0.3796,0.2694,0.351,2023/24,2024/25
2025-01-04,Aston Villa,Leicester,home_win,home_win,True,HOLD,3,0.4494,0.2445,0.3061,2023/24,2024/25
2025-01-04,Bournemouth,Everton,home_win,home_win,True,HOLD,3,0.3637,0.3316,0.3047,2023/24,2024/25
2025-01-04,Crystal Palace,Chelsea,draw,away_win,False,HOLD,3,0.3108,0.3286,0.3606,2023/24,2024/25
2025-01-04,Man City,West Ham,home_win,home_win,True,SNIPER,3,0.7647,0.1456,0.0897,2023/24,2024/25
2025-01-04,Southampton,Brentford,away_win,home_win,False,HOLD,3,0.4552,0.2445,0.3003,2023/24,2024/25
2025-01-04,Brighton,Arsenal,draw,away_win,False,SNIPER,3,0.1417,0.184,0.6743,2023/24,2024/25
2025-01-05,Liverpool,Man United,draw,home_win,False,SNIPER,3,0.6021,0.1991,0.1987,2023/24,2024/25
2025-01-05,Fulham,Ipswich,draw,home_win,False,HOLD,3,0.3601,0.3336,0.3063,2023/24,2024/25
2025-01-06,Wolves,Nott'm Forest,away_win,home_win,False,HOLD,3,0.4342,0.2324,0.3334,2023/24,2024/25
2025-01-14,Brentford,Man City,draw,away_win,False,SNIPER,3,0.1307,0.1754,0.6939,2023/24,2024/25
2025-01-14,Chelsea,Bournemouth,draw,home_win,False,SNIPER,3,0.5743,0.1982,0.2275,2023/24,2024/25
2025-01-14,West Ham,Fulham,home_win,home_win,True,SKIP,2,0.371,0.2868,0.3422,2023/24,2024/25
2025-01-14,Nott'm Forest,Liverpool,draw,away_win,False,SNIPER,3,0.176,0.1899,0.6341,2023/24,2024/25
2025-01-15,Everton,Aston Villa,away_win,away_win,True,SKIP,2,0.2957,0.2865,0.4178,2023/24,2024/25
2025-01-15,Leicester,Crystal Palace,away_win,home_win,False,HOLD,3,0.3635,0.3304,0.3061,2023/24,2024/25
2025-01-15,Newcastle,Wolves,home_win,home_win,True,SNIPER,3,0.5982,0.1909,0.2108,2023/24,2024/25
2025-01-15,Arsenal,Tottenham,home_win,home_win,True,SNIPER,3,0.6826,0.1785,0.1389,2023/24,2024/25
2025-01-16,Ipswich,Brighton,away_win,home_win,False,HOLD,3,0.4441,0.2445,0.3114,2023/24,2024/25
2025-01-16,Man United,Southampton,home_win,home_win,True,HOLD,3,0.4413,0.2445,0.3142,2023/24,2024/25
2025-01-18,West Ham,Crystal Palace,away_win,away_win,True,SKIP,2,0.3072,0.3192,0.3736,2023/24,2024/25
2025-01-18,Leicester,Fulham,away_win,home_win,False,HOLD,3,0.4354,0.2445,0.3201,2023/24,2024/25
2025-01-18,Arsenal,Aston Villa,draw,home_win,False,SNIPER,3,0.6741,0.1785,0.1474,2023/24,2024/25
2025-01-18,Newcastle,Bournemouth,away_win,home_win,False,HOLD,3,0.5672,0.1916,0.2413,2023/24,2024/25
2025-01-18,Brentford,Liverpool,away_win,away_win,True,SNIPER,3,0.1977,0.1958,0.6065,2023/24,2024/25
2025-01-19,Everton,Tottenham,home_win,away_win,False,SKIP,2,0.2858,0.3417,0.3725,2023/24,2024/25
2025-01-19,Man United,Brighton,away_win,home_win,False,SNIPER,3,0.491,0.2293,0.2797,2023/24,2024/25
2025-01-19,Nott'm Forest,Southampton,home_win,draw,False,SKIP,1,0.3254,0.3524,0.3222,2023/24,2024/25
2025-01-19,Ipswich,Man City,away_win,away_win,True,SKIP,2,0.3099,0.2445,0.4456,2023/24,2024/25
2025-01-20,Chelsea,Wolves,home_win,home_win,True,SNIPER,3,0.6032,0.1981,0.1987,2023/24,2024/25
2025-01-25,Man City,Chelsea,home_win,home_win,True,HOLD,3,0.6602,0.1743,0.1654,2023/24,2024/25
2025-01-25,Wolves,Arsenal,away_win,away_win,True,SNIPER,3,0.1271,0.1751,0.6977,2023/24,2024/25
2025-01-25,Southampton,Newcastle,away_win,home_win,False,HOLD,3,0.3517,0.3417,0.3066,2023/24,2024/25
2025-01-25,Brighton,Everton,away_win,draw,False,SKIP,1,0.3433,0.3552,0.3014,2023/24,2024/25
2025-01-25,Bournemouth,Nott'm Forest,home_win,home_win,True,HOLD,3,0.474,0.2258,0.3002,2023/24,2024/25
2025-01-25,Liverpool,Ipswich,home_win,home_win,True,SNIPER,3,0.4857,0.2445,0.2698,2023/24,2024/25
2025-01-26,Aston Villa,West Ham,draw,home_win,False,HOLD,3,0.565,0.1917,0.2433,2023/24,2024/25
2025-01-26,Crystal Palace,Brentford,away_win,home_win,False,SNIPER,3,0.5065,0.2218,0.2718,2023/24,2024/25
2025-01-26,Tottenham,Leicester,away_win,home_win,False,HOLD,3,0.4402,0.2445,0.3153,2023/24,2024/25
2025-01-26,Fulham,Man United,away_win,draw,False,SKIP,1,0.3136,0.3523,0.3341,2023/24,2024/25
2025-02-01,Wolves,Aston Villa,home_win,away_win,False,HOLD,3,0.2873,0.2167,0.4961,2023/24,2024/25
2025-02-01,Newcastle,Fulham,away_win,home_win,False,HOLD,3,0.5445,0.199,0.2564,2023/24,2024/25
2025-02-01,Ipswich,Southampton,away_win,home_win,False,HOLD,3,0.383,0.3145,0.3024,2023/24,2024/25
2025-02-01,Everton,Leicester,home_win,home_win,True,HOLD,3,0.3768,0.3181,0.3051,2023/24,2024/25
2025-02-01,Bournemouth,Liverpool,away_win,away_win,True,SNIPER,3,0.2143,0.1945,0.5913,2023/24,2024/25
2025-02-01,Nott'm Forest,Brighton,home_win,away_win,False,SKIP,2,0.3278,0.3333,0.339,2023/24,2024/25
2025-02-02,Brentford,Tottenham,away_win,away_win,True,HOLD,3,0.3145,0.2306,0.4549,2023/24,2024/25
2025-02-02,Man United,Crystal Palace,away_win,home_win,False,SKIP,2,0.3842,0.2983,0.3175,2023/24,2024/25
2025-02-02,Arsenal,Man City,home_win,home_win,True,HOLD,3,0.3756,0.3251,0.2993,2023/24,2024/25
2025-02-03,Chelsea,West Ham,home_win,home_win,True,SNIPER,3,0.5947,0.1862,0.2191,2023/24,2024/25
2025-02-12,Everton,Liverpool,draw,away_win,False,HOLD,3,0.2204,0.2208,0.5588,2023/24,2024/25
2025-02-14,Brighton,Chelsea,home_win,away_win,False,HOLD,3,0.2916,0.2099,0.4985,2023/24,2024/25
2025-02-15,Leicester,Arsenal,away_win,away_win,True,SKIP,2,0.3183,0.2445,0.4371,2023/24,2024/25
2025-02-15,Aston Villa,Ipswich,draw,home_win,False,HOLD,3,0.4494,0.2445,0.3061,2023/24,2024/25
2025-02-15,Fulham,Nott'm Forest,home_win,home_win,True,HOLD,3,0.4886,0.2264,0.285,2023/24,2024/25
2025-02-15,Man City,Newcastle,home_win,home_win,True,SNIPER,3,0.6716,0.177,0.1514,2023/24,2024/25
2025-02-15,Southampton,Bournemouth,away_win,home_win,False,HOLD,3,0.4347,0.2445,0.3207,2023/24,2024/25
2025-02-15,West Ham,Brentford,away_win,home_win,False,SKIP,2,0.4019,0.2841,0.3141,2023/24,2024/25
2025-02-15,Crystal Palace,Everton,away_win,home_win,False,HOLD,3,0.4671,0.2495,0.2834,2023/24,2024/25
2025-02-16,Tottenham,Man United,home_win,home_win,True,HOLD,3,0.46,0.2142,0.3258,2023/24,2024/25
2025-02-16,Liverpool,Wolves,home_win,home_win,True,SNIPER,3,0.6863,0.1823,0.1314,2023/24,2024/25
2025-02-19,Aston Villa,Liverpool,draw,away_win,False,HOLD,3,0.2841,0.2395,0.4764,2023/24,2024/25
2025-02-21,Leicester,Brentford,away_win,home_win,False,HOLD,3,0.4552,0.2445,0.3003,2023/24,2024/25
2025-02-22,Southampton,Brighton,away_win,home_win,False,HOLD,3,0.4441,0.2445,0.3114,2023/24,2024/25
2025-02-22,Everton,Man United,draw,draw,True,SKIP,1,0.2977,0.3609,0.3414,2023/24,2024/25
2025-02-22,Arsenal,West Ham,away_win,home_win,False,SNIPER,3,0.7604,0.1479,0.0916,2023/24,2024/25
2025-02-22,Bournemouth,Wolves,away_win,home_win,False,HOLD,3,0.4595,0.2282,0.3123,2023/24,2024/25
2025-02-22,Fulham,Crystal Palace,away_win,away_win,True,SKIP,2,0.3194,0.3378,0.3428,2023/24,2024/25
2025-02-22,Ipswich,Tottenham,away_win,home_win,False,HOLD,3,0.3509,0.3424,0.3066,2023/24,2024/25
2025-02-22,Aston Villa,Chelsea,home_win,home_win,True,HOLD,3,0.3613,0.302,0.3367,2023/24,2024/25
2025-02-23,Newcastle,Nott'm Forest,home_win,home_win,True,SNIPER,3,0.6131,0.1877,0.1992,2023/24,2024/25
2025-02-23,Man City,Liverpool,away_win,home_win,False,SNIPER,3,0.532,0.2186,0.2493,2023/24,2024/25
2025-02-25,Brighton,Bournemouth,home_win,home_win,True,HOLD,3,0.3705,0.3121,0.3173,2023/24,2024/25
2025-02-25,Crystal Palace,Aston Villa,home_win,away_win,False,SKIP,2,0.3441,0.3098,0.3461,2023/24,2024/25
2025-02-25,Wolves,Fulham,away_win,away_win,True,SKIP,2,0.321,0.33,0.349,2023/24,2024/25
2025-02-25,Chelsea,Southampton,home_win,home_win,True,SNIPER,3,0.4675,0.2445,0.288,2023/24,2024/25
2025-02-26,Liverpool,Newcastle,home_win,home_win,True,SNIPER,3,0.571,0.195,0.234,2023/24,2024/25
2025-02-26,Tottenham,Man City,away_win,away_win,True,SNIPER,3,0.1996,0.1874,0.613,2023/24,2024/25
2025-02-26,Man United,Ipswich,home_win,home_win,True,HOLD,3,0.4413,0.2445,0.3142,2023/24,2024/25
2025-02-26,Brentford,Everton,draw,draw,True,SKIP,1,0.3294,0.3688,0.3017,2023/24,2024/25
2025-02-26,Nott'm Forest,Arsenal,draw,away_win,False,SNIPER,3,0.1182,0.1712,0.7106,2023/24,2024/25
2025-02-27,West Ham,Leicester,home_win,home_win,True,HOLD,3,0.3646,0.3294,0.306,2023/24,2024/25
2025-03-08,Nott'm Forest,Man City,home_win,away_win,False,SNIPER,3,0.1157,0.1684,0.7159,2023/24,2024/25
2025-03-08,Brighton,Fulham,home_win,home_win,True,SKIP,2,0.3554,0.3139,0.3306,2023/24,2024/25
2025-03-08,Crystal Palace,Ipswich,home_win,home_win,True,HOLD,3,0.4336,0.2445,0.3219,2023/24,2024/25
2025-03-08,Liverpool,Southampton,home_win,home_win,True,SNIPER,3,0.4857,0.2445,0.2698,2023/24,2024/25
2025-03-08,Brentford,Aston Villa,away_win,away_win,True,HOLD,3,0.3088,0.2115,0.4797,2023/24,2024/25
2025-03-08,Wolves,Everton,draw,draw,True,SKIP,1,0.3115,0.3726,0.3159,2023/24,2024/25
2025-03-09,Chelsea,Leicester,home_win,home_win,True,SNIPER,3,0.4675,0.2445,0.288,2023/24,2024/25
2025-03-09,Tottenham,Bournemouth,draw,home_win,False,HOLD,3,0.5303,0.2061,0.2636,2023/24,2024/25
2025-03-09,Man United,Arsenal,draw,away_win,False,SNIPER,3,0.1901,0.1927,0.6172,2023/24,2024/25
2025-03-10,West Ham,Newcastle,away_win,away_win,True,SKIP,2,0.2902,0.2354,0.4744,2023/24,2024/25
2025-03-15,Southampton,Wolves,away_win,home_win,False,HOLD,3,0.4531,0.2445,0.3023,2023/24,2024/25
2025-03-15,Bournemouth,Brentford,away_win,home_win,False,SKIP,2,0.4422,0.2236,0.3343,2023/24,2024/25
2025-03-15,Man City,Brighton,draw,home_win,False,SNIPER,3,0.7373,0.1684,0.0943,2023/24,2024/25
2025-03-15,Ipswich,Nott'm Forest,away_win,home_win,False,SNIPER,3,0.4621,0.2445,0.2933,2023/24,2024/25
2025-03-15,Everton,West Ham,draw,home_win,False,HOLD,3,0.3837,0.3104,0.3059,2023/24,2024/25
2025-03-16,Arsenal,Chelsea,home_win,home_win,True,HOLD,3,0.6577,0.1769,0.1654,2023/24,2024/25
2025-03-16,Fulham,Tottenham,home_win,away_win,False,SKIP,2,0.2973,0.3372,0.3655,2023/24,2024/25
2025-03-16,Leicester,Man United,away_win,home_win,False,HOLD,3,0.3489,0.3444,0.3067,2023/24,2024/25
2025-04-01,Arsenal,Fulham,home_win,home_win,True,HOLD,3,0.721,0.1748,0.1042,2023/24,2024/25
2025-04-01,Wolves,West Ham,home_win,home_win,True,SKIP,2,0.345,0.3225,0.3325,2023/24,2024/25
2025-04-01,Nott'm Forest,Man United,home_win,away_win,False,HOLD,3,0.3083,0.2302,0.4615,2023/24,2024/25
2025-04-02,Bournemouth,Ipswich,away_win,home_win,False,HOLD,3,0.3613,0.3325,0.3062,2023/24,2024/25
2025-04-02,Brighton,Aston Villa,away_win,away_win,True,HOLD,3,0.3069,0.2379,0.4552,2023/24,2024/25
2025-04-02,Man City,Leicester,home_win,home_win,True,SNIPER,3,0.5132,0.2445,0.2422,2023/24,2024/25
2025-04-02,Newcastle,Brentford,home_win,home_win,True,SNIPER,3,0.58,0.1927,0.2273,2023/24,2024/25
2025-04-02,Southampton,Crystal Palace,draw,home_win,False,HOLD,3,0.3635,0.3304,0.3061,2023/24,2024/25
2025-04-02,Liverpool,Everton,home_win,home_win,True,SNIPER,3,0.6261,0.2129,0.161,2023/24,2024/25
2025-04-03,Chelsea,Tottenham,home_win,home_win,True,HOLD,3,0.4842,0.2006,0.3152,2023/24,2024/25
2025-04-05,West Ham,Bournemouth,draw,home_win,False,SKIP,2,0.3878,0.2847,0.3275,2023/24,2024/25
2025-04-05,Aston Villa,Nott'm Forest,home_win,home_win,True,SNIPER,3,0.59,0.2009,0.2091,2023/24,2024/25
2025-04-05,Ipswich,Wolves,away_win,home_win,False,HOLD,3,0.4531,0.2445,0.3023,2023/24,2024/25
2025-04-05,Everton,Arsenal,draw,away_win,False,HOLD,3,0.1566,0.2062,0.6372,2023/24,2024/25
2025-04-05,Crystal Palace,Brighton,home_win,home_win,True,HOLD,3,0.4937,0.2277,0.2786,2023/24,2024/25
2025-04-06,Brentford,Chelsea,draw,away_win,False,SNIPER,3,0.284,0.205,0.511,2023/24,2024/25
2025-04-06,Fulham,Liverpool,home_win,away_win,False,SNIPER,3,0.2246,0.2031,0.5724,2023/24,2024/25
2025-04-06,Tottenham,Southampton,home_win,home_win,True,HOLD,3,0.4402,0.2445,0.3153,2023/24,2024/25
2025-04-06,Man United,Man City,draw,away_win,False,SNIPER,3,0.188,0.1895,0.6224,2023/24,2024/25
2025-04-07,Leicester,Newcastle,away_win,home_win,False,HOLD,3,0.3517,0.3417,0.3066,2023/24,2024/25
2025-04-12,Man City,Crystal Palace,home_win,home_win,True,HOLD,3,0.6884,0.1817,0.1298,2023/24,2024/25
2025-04-12,Brighton,Leicester,draw,draw,True,SKIP,1,0.3436,0.3496,0.3068,2023/24,2024/25
2025-04-12,Nott'm Forest,Everton,away_win,draw,False,SKIP,1,0.3013,0.3717,0.327,2023/24,2024/25
2025-04-12,Southampton,Aston Villa,away_win,draw,False,SKIP,1,0.3336,0.3596,0.3067,2023/24,2024/25
2025-04-12,Arsenal,Brentford,draw,home_win,False,SNIPER,3,0.7463,0.1655,0.0881,2023/24,2024/25
2025-04-13,Chelsea,Ipswich,draw,home_win,False,SNIPER,3,0.4675,0.2445,0.288,2023/24,2024/25
2025-04-13,Liverpool,West Ham,home_win,home_win,True,SNIPER,3,0.6865,0.1688,0.1447,2023/24,2024/25
2025-04-13,Wolves,Tottenham,home_win,away_win,False,HOLD,3,0.2926,0.2361,0.4713,2023/24,2024/25
2025-04-13,Newcastle,Man United,home_win,home_win,True,HOLD,3,0.4944,0.2024,0.3031,2023/24,2024/25
2025-04-14,Bournemouth,Fulham,home_win,home_win,True,SKIP,2,0.3718,0.2968,0.3314,2023/24,2024/25
2025-04-16,Newcastle,Crystal Palace,home_win,home_win,True,HOLD,3,0.4915,0.2041,0.3044,2023/24,2024/25
2025-04-19,Brentford,Brighton,home_win,home_win,True,HOLD,3,0.3674,0.3155,0.3171,2023/24,2024/25
2025-04-19,Crystal Palace,Bournemouth,draw,home_win,False,HOLD,3,0.4925,0.2215,0.286,2023/24,2024/25
2025-04-19,Everton,Man City,away_win,away_win,True,HOLD,3,0.1536,0.2013,0.6451,2023/24,2024/25
2025-04-19,West Ham,Southampton,draw,home_win,False,HOLD,3,0.3646,0.3294,0.306,2023/24,2024/25
2025-04-19,Aston Villa,Newcastle,home_win,home_win,True,SKIP,2,0.3934,0.2683,0.3383,2023/24,2024/25
2025-04-20,Fulham,Chelsea,away_win,away_win,True,HOLD,3,0.3135,0.2129,0.4736,2023/24,2024/25
2025-04-20,Ipswich,Arsenal,away_win,away_win,True,SKIP,2,0.3183,0.2445,0.4371,2023/24,2024/25
2025-04-20,Man United,Wolves,away_win,home_win,False,SNIPER,3,0.52,0.2259,0.2541,2023/24,2024/25
2025-04-20,Leicester,Liverpool,away_win,away_win,True,SKIP,2,0.3166,0.3145,0.3689,2023/24,2024/25
2025-04-21,Tottenham,Nott'm Forest,away_win,home_win,False,SNIPER,3,0.5761,0.2036,0.2203,2023/24,2024/25
2025-04-22,Man City,Aston Villa,home_win,home_win,True,SNIPER,3,0.6763,0.1758,0.1479,2023/24,2024/25
2025-04-23,Arsenal,Crystal Palace,draw,home_win,False,HOLD,3,0.6849,0.1854,0.1297,2023/24,2024/25
2025-04-26,Wolves,Leicester,home_win,draw,False,SKIP,1,0.3266,0.3669,0.3065,2023/24,2024/25
2025-04-26,Southampton,Fulham,away_win,home_win,False,HOLD,3,0.4354,0.2445,0.3201,2023/24,2024/25
2025-04-26,Brighton,West Ham,home_win,home_win,True,HOLD,3,0.3819,0.3047,0.3135,2023/24,2024/25
2025-04-26,Chelsea,Everton,home_win,home_win,True,SNIPER,3,0.5466,0.2232,0.2302,2023/24,2024/25
2025-04-26,Newcastle,Ipswich,home_win,home_win,True,HOLD,3,0.4398,0.2445,0.3157,2023/24,2024/25
2025-04-27,Bournemouth,Man United,draw,away_win,False,SKIP,2,0.3015,0.3479,0.3505,2023/24,2024/25
2025-04-27,Liverpool,Tottenham,home_win,home_win,True,SNIPER,3,0.5891,0.1956,0.2153,2023/24,2024/25
2025-05-01,Nott'm Forest,Brentford,away_win,home_win,False,SKIP,2,0.3503,0.3056,0.3441,2023/24,2024/25
2025-05-02,Man City,Wolves,home_win,home_win,True,SNIPER,3,0.7589,0.159,0.082,2023/24,2024/25
2025-05-03,Aston Villa,Fulham,home_win,home_win,True,HOLD,3,0.5238,0.2099,0.2663,2023/24,2024/25
2025-05-03,Everton,Ipswich,draw,home_win,False,HOLD,3,0.3768,0.3181,0.3051,2023/24,2024/25
2025-05-03,Leicester,Southampton,home_win,home_win,True,HOLD,3,0.383,0.3145,0.3024,2023/24,2024/25
2025-05-03,Arsenal,Bournemouth,away_win,home_win,False,SNIPER,3,0.739,0.1638,0.0972,2023/24,2024/25
2025-05-04,Chelsea,Liverpool,home_win,away_win,False,SKIP,2,0.3095,0.2369,0.4536,2023/24,2024/25
2025-05-04,Brentford,Man United,home_win,away_win,False,HOLD,3,0.3048,0.3126,0.3826,2023/24,2024/25
2025-05-04,Brighton,Newcastle,draw,away_win,False,HOLD,3,0.2915,0.2461,0.4625,2023/24,2024/25
2025-05-04,West Ham,Tottenham,draw,away_win,False,SKIP,2,0.3116,0.248,0.4403,2023/24,2024/25
2025-05-05,Crystal Palace,Nott'm Forest,draw,home_win,False,SNIPER,3,0.5375,0.2207,0.2417,2023/24,2024/25
2025-05-10,Fulham,Everton,away_win,home_win,False,HOLD,3,0.3737,0.3347,0.2917,2023/24,2024/25
2025-05-10,Ipswich,Brentford,away_win,home_win,False,HOLD,3,0.4552,0.2445,0.3003,2023/24,2024/25
2025-05-10,Southampton,Man City,draw,away_win,False,SKIP,2,0.3099,0.2445,0.4456,2023/24,2024/25
2025-05-10,Wolves,Brighton,away_win,home_win,False,SKIP,2,0.348,0.3178,0.3342,2023/24,2024/25
2025-05-10,Bournemouth,Aston Villa,away_win,away_win,True,HOLD,3,0.307,0.2496,0.4434,2023/24,2024/25
2025-05-11,Newcastle,Chelsea,home_win,home_win,True,HOLD,3,0.3698,0.3133,0.3168,2023/24,2024/25
2025-05-11,Man United,West Ham,away_win,home_win,False,HOLD,3,0.5062,0.2119,0.2819,2023/24,2024/25
2025-05-11,Nott'm Forest,Leicester,draw,draw,True,SKIP,1,0.3254,0.3524,0.3222,2023/24,2024/25
2025-05-11,Tottenham,Crystal Palace,away_win,home_win,False,HOLD,3,0.4578,0.2151,0.3272,2023/24,2024/25
2025-05-11,Liverpool,Arsenal,draw,away_win,False,SKIP,2,0.2864,0.2822,0.4314,2023/24,2024/25
2025-05-16,Aston Villa,Tottenham,home_win,home_win,True,HOLD,3,0.4544,0.2043,0.3413,2023/24,2024/25
2025-05-16,Chelsea,Man United,home_win,home_win,True,HOLD,3,0.5059,0.2076,0.2865,2023/24,2024/25
2025-05-18,Leicester,Ipswich,home_win,home_win,True,HOLD,3,0.383,0.3145,0.3024,2023/24,2024/25
2025-05-18,Brentford,Fulham,away_win,home_win,False,SKIP,2,0.3397,0.3289,0.3314,2023/24,2024/25
2025-05-18,Arsenal,Newcastle,home_win,home_win,True,SNIPER,3,0.6715,0.1795,0.149,2023/24,2024/25
2025-05-18,Everton,Southampton,home_win,home_win,True,HOLD,3,0.3768,0.3181,0.3051,2023/24,2024/25
2025-05-18,West Ham,Nott'm Forest,away_win,home_win,False,HOLD,3,0.4747,0.2166,0.3087,2023/24,2024/25
2025-05-19,Brighton,Liverpool,home_win,away_win,False,SNIPER,3,0.2073,0.2011,0.5915,2023/24,2024/25
2025-05-20,Man City,Bournemouth,home_win,home_win,True,SNIPER,3,0.7434,0.1606,0.0959,2023/24,2024/25
2025-05-20,Crystal Palace,Wolves,home_win,home_win,True,SNIPER,3,0.5232,0.2237,0.2531,2023/24,2024/25
2025-05-25,Nott'm Forest,Chelsea,away_win,away_win,True,SNIPER,3,0.252,0.2028,0.5452,2023/24,2024/25
2025-05-25,Newcastle,Everton,away_win,home_win,False,HOLD,3,0.5365,0.2164,0.2471,2023/24,2024/25
2025-05-25,Southampton,Arsenal,away_win,away_win,True,SKIP,2,0.3183,0.2445,0.4371,2023/24,2024/25
2025-05-25,Man United,Aston Villa,home_win,away_win,False,SKIP,2,0.35,0.2956,0.3543,2023/24,2024/25
2025-05-25,Tottenham,Brighton,away_win,home_win,False,HOLD,3,0.5304,0.2121,0.2575,2023/24,2024/25
2025-05-25,Ipswich,West Ham,away_win,home_win,False,HOLD,3,0.433,0.2445,0.3224,2023/24,2024/25
2025-05-25,Fulham,Man City,away_win,away_win,True,SNIPER,3,0.1522,0.1836,0.6642,2023/24,2024/25
2025-05-25,Bournemouth,Leicester,home_win,home_win,True,HOLD,3,0.3613,0.3325,0.3062,2023/24,2024/25
2025-05-25,Liverpool,Crystal Palace,draw,home_win,False,HOLD,3,0.599,0.2022,0.1988,2023/24,2024/25
2025-05-25,Wolves,Brentford,draw,home_win,False,SKIP,2,0.3667,0.2985,0.3348,2023/24,2024/25
